-- phpMyAdmin SQL Dump
-- version 5.0.2
-- https://www.phpmyadmin.net/
--
-- Host: 127.0.0.1
-- Generation Time: Jun 08, 2022 at 12:09 AM
-- Server version: 10.4.11-MariaDB
-- PHP Version: 7.4.5

SET SQL_MODE = "NO_AUTO_VALUE_ON_ZERO";
START TRANSACTION;
SET time_zone = "+00:00";


/*!40101 SET @OLD_CHARACTER_SET_CLIENT=@@CHARACTER_SET_CLIENT */;
/*!40101 SET @OLD_CHARACTER_SET_RESULTS=@@CHARACTER_SET_RESULTS */;
/*!40101 SET @OLD_COLLATION_CONNECTION=@@COLLATION_CONNECTION */;
/*!40101 SET NAMES utf8mb4 */;

--
-- Database: `scholarship`
--

-- --------------------------------------------------------

--
-- Table structure for table `class`
--

CREATE TABLE `class` (
  `classID` int(3) NOT NULL,
  `class` varchar(15) NOT NULL COMMENT 'for class name'
) ENGINE=InnoDB DEFAULT CHARSET=utf8mb4;

--
-- Dumping data for table `class`
--

INSERT INTO `class` (`classID`, `class`) VALUES
(1, 'GEO101'),
(2, ' WOH101'),
(3, ' HED101'),
(4, ' MAT103'),
(5, ' SCI102B'),
(6, ' ENG103'),
(7, ' WaWhanau'),
(8, 'SNRNUM'),
(9, ' HOS301'),
(10, ' SLCART'),
(11, ' SLCWZ'),
(12, ' SLCFDT'),
(13, ' SLCICT82A'),
(14, ' SLCDVC82B'),
(15, ' SLCEnglish'),
(16, ' SLCSCI'),
(17, ' 9FORM'),
(18, ' SLCMUSIC'),
(19, ' SLCPV'),
(20, ' SLCPED'),
(21, ' SLCDRAMA'),
(22, ' SNRNUM'),
(23, ' EMP201'),
(24, '9UTAWW'),
(25, ' 9ENG'),
(26, ' 9MAT'),
(27, ' 9SCI'),
(28, ' 9SOS'),
(29, ' 9PED'),
(30, ' 9HED'),
(31, ' 9UTAWW'),
(32, ' 9FLT'),
(33, ' 9ART81A'),
(34, ' 9DVC81B'),
(35, ' 9MAO81C'),
(36, ' 9ICT81D'),
(37, ' 9CMT82A'),
(38, ' 9FDT82B'),
(39, ' 9DRA82C'),
(40, ' 9MUS82D'),
(41, 'WOH301'),
(42, ' STUDYL2MD'),
(43, ' STA301'),
(44, ' SNRPRF'),
(45, ' GEO301'),
(46, ' ENG301'),
(47, '10ENG'),
(48, ' 10MAT'),
(49, ' 10SCI'),
(50, ' 10SOS'),
(51, ' 10PED'),
(52, ' 10HED'),
(53, ' 10FLT'),
(54, ' 10MUS81M'),
(55, ' 10MUS81BM'),
(56, ' 10DVC82A'),
(57, ' 10ART82MS'),
(58, 'OED101'),
(59, ' PED101'),
(60, ' PRF101'),
(61, ' ENG102A'),
(62, ' MAT101B'),
(63, ' SCI101B'),
(64, ' ENG102B'),
(65, ' 10ART82'),
(66, 'STA201'),
(67, ' SNRPHO'),
(68, ' ART201'),
(69, ' BIO201'),
(70, ' ENG201'),
(71, ' MUS201'),
(72, ' 10MED82A'),
(73, '9ENG'),
(74, ' 9IMUWW'),
(75, ' 9DVC81A'),
(76, ' 9MAO81B'),
(77, ' 9ICT81C'),
(78, ' 9ART81D'),
(79, ' 9FDT82A'),
(80, ' 9DRA82B'),
(81, ' 9MUS82C'),
(82, ' 9CMT82D'),
(83, ' 10FDT81'),
(84, ' 10ART82LY'),
(85, ' 9AWAWW'),
(86, ' 9MAO81A'),
(87, ' 9ICT81B'),
(88, ' 9ART81C'),
(89, ' 9DVC81D'),
(90, ' 9DRA82A'),
(91, ' 9MUS82B'),
(92, ' 9CMT82C'),
(93, ' 9FDT82D'),
(94, '9NUIWW'),
(95, ' 9NUIWW'),
(96, ' FLT'),
(97, ' 9ICT81A'),
(98, ' 9ART81B'),
(99, ' 9DVC81C'),
(100, ' 9MAO81D'),
(101, ' 9MUS82A'),
(102, ' 9CMT82B'),
(103, ' 9FDT82C'),
(104, ' 9DRA82D'),
(105, ' 10CMT81'),
(106, ' 10MAO82A'),
(107, ' 10MAO82B'),
(108, 'SNRMAO'),
(109, ' HOS201'),
(110, ' PED201'),
(111, ' SNROED'),
(112, ' SNRENG'),
(113, ' HED201');

-- --------------------------------------------------------

--
-- Table structure for table `house`
--

CREATE TABLE `house` (
  `houseID` int(2) NOT NULL,
  `housename` varchar(25) NOT NULL,
  `pointcount` int(4) NOT NULL,
  `image` varchar(120) NOT NULL
) ENGINE=InnoDB DEFAULT CHARSET=utf8mb4;

--
-- Dumping data for table `house`
--

INSERT INTO `house` (`houseID`, `housename`, `pointcount`, `image`) VALUES
(1, 'Waka Ama', 83, ''),
(2, 'Waka Katea', 61, ''),
(3, 'Tau Ihu', 14, ''),
(4, 'Tau Rapa', 18, '');

-- --------------------------------------------------------

--
-- Table structure for table `pointtable`
--

CREATE TABLE `pointtable` (
  `pointID` int(6) NOT NULL,
  `studentID` int(5) NOT NULL,
  `teacherID` int(3) NOT NULL,
  `reasonID` int(5) NOT NULL COMMENT 'This will likely be changed',
  `datetime` date NOT NULL DEFAULT current_timestamp(),
  `amount` int(3) NOT NULL COMMENT 'Teachers only allowed ~3 however admins can do more'
) ENGINE=InnoDB DEFAULT CHARSET=utf8mb4;

--
-- Dumping data for table `pointtable`
--

INSERT INTO `pointtable` (`pointID`, `studentID`, `teacherID`, `reasonID`, `datetime`, `amount`) VALUES
(1, 8, 3, 2, '2022-05-31', 3),
(2, 10, 3, 2, '2022-05-31', 3),
(3, 24, 3, 2, '2022-05-31', 3),
(4, 26, 3, 2, '2022-05-31', 3),
(5, 40, 3, 2, '2022-05-31', 3),
(6, 42, 3, 2, '2022-05-31', 3),
(7, 56, 3, 2, '2022-05-31', 3),
(8, 58, 3, 2, '2022-05-31', 3),
(9, 72, 3, 2, '2022-05-31', 3),
(10, 74, 3, 2, '2022-05-31', 3),
(11, 88, 3, 2, '2022-05-31', 3),
(12, 90, 3, 2, '2022-05-31', 3),
(13, 104, 3, 2, '2022-05-31', 3),
(14, 106, 3, 2, '2022-05-31', 3),
(15, 120, 3, 2, '2022-05-31', 3),
(16, 122, 3, 2, '2022-05-31', 3),
(17, 136, 3, 2, '2022-05-31', 3),
(18, 138, 3, 2, '2022-05-31', 3),
(19, 152, 3, 2, '2022-05-31', 3),
(20, 154, 3, 2, '2022-05-31', 3),
(21, 168, 3, 2, '2022-05-31', 3),
(22, 170, 3, 2, '2022-05-31', 3),
(23, 184, 3, 2, '2022-05-31', 3),
(24, 186, 3, 2, '2022-05-31', 3),
(25, 6, 3, 1, '2022-05-31', 1),
(26, 16, 3, 1, '2022-05-31', 1),
(27, 22, 3, 1, '2022-05-31', 1),
(28, 32, 3, 1, '2022-05-31', 1),
(29, 38, 3, 1, '2022-05-31', 1),
(30, 48, 3, 1, '2022-05-31', 1),
(31, 54, 3, 1, '2022-05-31', 1),
(32, 64, 3, 1, '2022-05-31', 1),
(33, 70, 3, 1, '2022-05-31', 1),
(34, 80, 3, 1, '2022-05-31', 1),
(35, 86, 3, 1, '2022-05-31', 1),
(36, 96, 3, 1, '2022-05-31', 1),
(37, 102, 3, 1, '2022-05-31', 1),
(38, 112, 3, 1, '2022-05-31', 1),
(39, 118, 3, 1, '2022-05-31', 1),
(40, 128, 3, 1, '2022-05-31', 1),
(41, 134, 3, 1, '2022-05-31', 1),
(42, 144, 3, 1, '2022-05-31', 1),
(43, 150, 3, 1, '2022-05-31', 1),
(44, 160, 3, 1, '2022-05-31', 1),
(45, 166, 3, 1, '2022-05-31', 1),
(46, 176, 3, 1, '2022-05-31', 1),
(47, 182, 3, 1, '2022-05-31', 1),
(48, 192, 3, 1, '2022-05-31', 1),
(49, 1, 3, 2, '2022-06-01', 1),
(50, 1, 3, 2, '2022-06-01', 1),
(51, 1, 3, 2, '2022-06-01', 1),
(52, 43, 3, 2, '2022-06-02', 3),
(53, 43, 3, 2, '2022-06-02', 3),
(54, 43, 3, 1, '2022-06-02', 3),
(55, 1, 3, 2, '2022-06-02', 2),
(56, 1, 3, 2, '2022-06-07', 3),
(57, 1, 3, 2, '2022-06-07', 3),
(58, 1, 3, 3, '2022-06-07', 1),
(59, 1, 3, 3, '2022-06-07', 3);

-- --------------------------------------------------------

--
-- Table structure for table `reason`
--

CREATE TABLE `reason` (
  `reasonID` int(6) NOT NULL COMMENT 'Only large value due to if teachers dont save',
  `reason` varchar(80) NOT NULL,
  `teacherID` int(3) NOT NULL,
  `selectionvalue` int(1) NOT NULL COMMENT 'Wether or not the specific reason is saved to the teachers account'
) ENGINE=InnoDB DEFAULT CHARSET=utf8mb4;

--
-- Dumping data for table `reason`
--

INSERT INTO `reason` (`reasonID`, `reason`, `teacherID`, `selectionvalue`) VALUES
(1, 'Finished the homework on time', 3, 1),
(2, 'Did as was asked', 3, 1),
(3, 'Opened the door for me', 3, 1);

-- --------------------------------------------------------

--
-- Table structure for table `student`
--

CREATE TABLE `student` (
  `studentID` int(5) NOT NULL,
  `firstname` varchar(15) NOT NULL,
  `lastname` varchar(20) NOT NULL,
  `pointcount` int(4) NOT NULL,
  `tutorID` int(3) NOT NULL,
  `yeargroupID` int(2) NOT NULL,
  `houseID` int(2) NOT NULL,
  `email` varchar(50) NOT NULL,
  `password` varchar(100) NOT NULL,
  `temp_password` varchar(7) NOT NULL
) ENGINE=InnoDB DEFAULT CHARSET=utf8mb4;

--
-- Dumping data for table `student`
--

INSERT INTO `student` (`studentID`, `firstname`, `lastname`, `pointcount`, `tutorID`, `yeargroupID`, `houseID`, `email`, `password`, `temp_password`) VALUES
(1, 'Ben', 'McKeown', 15, 1, 3, 2, 'bmc9529@stacmail.net', '$2y$10$y63DzcLh1h9UNzinTQpFjeLFNXc1SZX2WBWKYMfdUB3oWybJDlXRW', ''),
(2, 'Isla', 'Noah', 0, 2, 5, 0, 'duckdaisy515@gmail.com', '', 'ZqVEOKN'),
(3, 'Amelia', 'Jack', 0, 1, 1, 2, 'hueyduck515@gmail.com', '', '5xNSCkl'),
(4, 'Olivia', 'Leo', 0, 3, 5, 3, 'deweyduck515@gmail.com', '', 'agbxuzJ'),
(5, 'Ava', 'George', 0, 4, 2, 3, 'louieduck515@gmail.com', '', 'yDWUOAt'),
(6, 'Willow', 'Charlie', 1, 5, 3, 2, 'delladuck515@gmail.com', '', '39PK4MH'),
(7, 'Lily', 'Lucas', 0, 6, 3, 4, 'mcduckscrooge515@gmail.com', '', 'SOsFgRn'),
(8, 'Isabella', 'Theodore', 3, 7, 2, 1, 'minniemouse51515@gmail.com', '', '9j0HeLr'),
(9, 'Mila', 'William', 0, 3, 4, 3, 'mickeymouse515151515@gmail.com', '', 'WAuXNpY'),
(10, 'Ella', 'Luca', 3, 2, 2, 1, 'daffyduck515@gmail.com', '', 'YMPbEt8'),
(11, 'Mia', 'Elijah', 0, 6, 1, 4, 'rst6029@stacmail.net', '', 'F9RdKmW'),
(12, 'Sophie', 'Liam', 0, 8, 2, 4, 'ath7073@stacmail.net', '', '5AYsXEB'),
(13, 'Hazel', 'Mason', 0, 9, 1, 3, 'mow0435@stacmail.net', '', 'Y96ZKIO'),
(14, 'Harper', 'James', 0, 10, 1, 3, 'lzh5885@stacmail.net', '', 'UjX4nlw'),
(15, 'Emily', 'Thomas', 0, 11, 2, 2, 'ted4895@stacmail.net', '', '2OQLaBT'),
(16, 'Lucy', 'Hudson', 1, 5, 4, 2, 'csi7898@stacmail.net', '', 'qjhYVUv'),
(17, 'Chloe', 'Arlo', 0, 1, 3, 2, 'dd2860872@gmail.com', '', 'x8sn7dF'),
(18, 'Grace', 'Lachlan', 0, 2, 5, 0, 'duckdaisy515@gmail.com', '', '6INRJV2'),
(19, 'Ruby', 'Archie', 0, 1, 1, 2, 'hueyduck515@gmail.com', '', 'tRBae3W'),
(20, 'Matilda', 'Arthur', 0, 3, 5, 3, 'deweyduck515@gmail.com', '', 'wLAnD3V'),
(21, 'Zoe', 'Hunter', 0, 4, 2, 3, 'louieduck515@gmail.com', '', 'nZm8OsS'),
(22, 'Freya', 'Oscar', 1, 5, 3, 2, 'delladuck515@gmail.com', '', 'uoJX6pP'),
(23, 'Aria', 'Max', 0, 6, 3, 4, 'mcduckscrooge515@gmail.com', '', 'xOA87H5'),
(24, 'Ivy', 'Levi', 3, 7, 2, 1, 'minniemouse51515@gmail.com', '', 'AVOIzgM'),
(25, 'Sophia', 'Finn', 0, 3, 4, 3, 'mickeymouse515151515@gmail.com', '', 'pOsHSaZ'),
(26, 'Evelyn', 'Hugo', 3, 2, 2, 1, 'daffyduck515@gmail.com', '', 'FRJMyS0'),
(27, 'Georgia', 'Ethan', 0, 6, 1, 4, 'rst6029@stacmail.net', '', 'Ecm0Dgq'),
(28, 'Olive', 'Asher', 0, 8, 2, 4, 'ath7073@stacmail.net', '', 'MAtdT9Z'),
(29, 'Riley', 'Henry', 0, 9, 1, 3, 'mow0435@stacmail.net', '', 'H3Mg1TZ'),
(30, 'Luna', 'Cooper', 0, 10, 1, 3, 'lzh5885@stacmail.net', '', '6DYpXcL'),
(31, 'Ellie', 'Carter', 0, 11, 2, 2, 'ted4895@stacmail.net', '', 'KrJ7B4t'),
(32, 'Florence', 'Ezra', 1, 5, 4, 2, 'csi7898@stacmail.net', '', 'hWFLueG'),
(33, 'Millie', 'Lincoln', 0, 1, 3, 2, 'dd2860872@gmail.com', '', 'r9wqJ2g'),
(34, 'Maia', 'Felix', 0, 2, 5, 0, 'duckdaisy515@gmail.com', '', 'lV9DPmW'),
(35, 'Sienna', 'Alexander', 0, 1, 1, 2, 'hueyduck515@gmail.com', '', 'XtNeDaz'),
(36, 'Evie', 'Archer', 0, 3, 5, 3, 'deweyduck515@gmail.com', '', 'Gmghx3r'),
(37, 'Frankie', 'Beau', 0, 4, 2, 3, 'louieduck515@gmail.com', '', 'ibsaXkL'),
(38, 'Layla', 'Harrison', 1, 5, 3, 2, 'delladuck515@gmail.com', '', '1FraieL'),
(39, 'Ayla', 'Eli', 0, 6, 3, 4, 'mcduckscrooge515@gmail.com', '', 'URHw7Dg'),
(40, 'Isabelle', 'Jackson', 3, 7, 2, 1, 'minniemouse51515@gmail.com', '', 'adMrYsH'),
(41, 'Poppy', 'Louis', 0, 3, 4, 3, 'mickeymouse515151515@gmail.com', '', 'uz4xihE'),
(42, 'Aurora', 'Theo', 3, 2, 2, 1, 'daffyduck515@gmail.com', '', 'fGacX3k'),
(43, 'Emma', 'Benjamin', 9, 6, 1, 4, 'rst6029@stacmail.net', '', 'QrocDV1'),
(44, 'Madison', 'Nikau', 0, 8, 2, 4, 'ath7073@stacmail.net', '', '1cUWFP6'),
(45, 'Billie', 'Isaac', 0, 9, 1, 3, 'mow0435@stacmail.net', '', 'hoUYP4e'),
(46, 'Mackenzie', 'Joseph', 0, 10, 1, 3, 'lzh5885@stacmail.net', '', 'lv435dn'),
(47, 'Alice', 'Joshua', 0, 11, 2, 2, 'ted4895@stacmail.net', '', 'iRDPqKw'),
(48, 'Thea', 'Blake', 1, 5, 4, 2, 'csi7898@stacmail.net', '', 'Y52ldyI'),
(49, 'Daisy', 'Daniel', 0, 1, 3, 2, 'dd2860872@gmail.com', '', 'H5YxK4P'),
(50, 'Indie', 'Samuel', 0, 2, 5, 0, 'duckdaisy515@gmail.com', '', 'kFpb1nY'),
(51, 'Abigail', 'Grayson', 0, 1, 1, 2, 'hueyduck515@gmail.com', '', '0EknXJ7'),
(52, 'Maeve', 'Caleb', 0, 3, 5, 3, 'deweyduck515@gmail.com', '', 'MENPrJ0'),
(53, 'Penelope', 'Jasper', 0, 4, 2, 3, 'louieduck515@gmail.com', '', 't5f0iDN'),
(54, 'Quinn', 'Luka', 1, 5, 3, 2, 'delladuck515@gmail.com', '', 'OnK4T3N'),
(55, 'Emilia', 'Braxton', 0, 6, 3, 4, 'mcduckscrooge515@gmail.com', '', '8hgfY9j'),
(56, 'Scarlett', 'Edward', 3, 7, 2, 1, 'minniemouse51515@gmail.com', '', 'CYk4FnM'),
(57, 'Violet', 'Jacob', 0, 3, 4, 3, 'mickeymouse515151515@gmail.com', '', 'xlQ8cRY'),
(58, 'Addison', 'Harry', 3, 2, 2, 1, 'daffyduck515@gmail.com', '', 'VPZXp1h'),
(59, 'Sofia', 'Harvey', 0, 6, 1, 4, 'rst6029@stacmail.net', '', 'mUKYaeD'),
(60, 'Eva', 'River', 0, 8, 2, 4, 'ath7073@stacmail.net', '', 'I7rwKzU'),
(61, 'Elsie', 'Riley', 0, 9, 1, 3, 'mow0435@stacmail.net', '', '5v0azHY'),
(62, 'Harriet', 'Roman', 0, 10, 1, 3, 'lzh5885@stacmail.net', '', 's4v2uSH'),
(63, 'Amaia', 'Sebastian', 0, 11, 2, 2, 'ted4895@stacmail.net', '', 'U1XNtV0'),
(64, 'Bella', 'Bodhi', 1, 5, 4, 2, 'csi7898@stacmail.net', '', 'WzwVmYG'),
(65, 'Maddison', 'Luke', 0, 1, 3, 2, 'dd2860872@gmail.com', '', 'nEaILhK'),
(66, 'Sadie', 'Nico', 0, 2, 5, 0, 'duckdaisy515@gmail.com', '', '3vTZfaV'),
(67, 'Stella', 'Louie', 0, 1, 1, 2, 'hueyduck515@gmail.com', '', '6YIQN3z'),
(68, 'Elizabeth', 'Quinn', 0, 3, 5, 3, 'deweyduck515@gmail.com', '', 'N962nB8'),
(69, 'Eleanor', 'Logan', 0, 4, 2, 3, 'louieduck515@gmail.com', '', 'LsQ3OGy'),
(70, 'Eden', 'Ryan', 1, 5, 3, 2, 'delladuck515@gmail.com', '', '9wjz6ek'),
(71, 'Margot', 'Oakley', 0, 6, 3, 4, 'mcduckscrooge515@gmail.com', '', 'Un0t2mH'),
(72, 'Piper', 'Charles', 3, 7, 2, 1, 'minniemouse51515@gmail.com', '', 'N9iQPzd'),
(73, 'Harlow', 'Jordan', 0, 3, 4, 3, 'mickeymouse515151515@gmail.com', '', 'tjgDMFA'),
(74, 'Zara', 'Ari', 3, 2, 2, 1, 'daffyduck515@gmail.com', '', 'phSni4A'),
(75, 'Hannah', 'Connor', 0, 6, 1, 4, 'rst6029@stacmail.net', '', 'Wv0H9gi'),
(76, 'Amber', 'Nathan', 0, 8, 2, 4, 'ath7073@stacmail.net', '', '5ym0I4J'),
(77, 'Eliza', 'Aiden', 0, 9, 1, 3, 'mow0435@stacmail.net', '', '6Qs9zRJ'),
(78, 'Ada', 'Ryder', 0, 10, 1, 3, 'lzh5885@stacmail.net', '', 'QkjUuhL'),
(79, 'Phoebe', 'Toby', 0, 11, 2, 2, 'ted4895@stacmail.net', '', 'M78FTq0'),
(80, 'Kiara', 'Austin', 1, 5, 4, 2, 'csi7898@stacmail.net', '', 'TAFlSsQ'),
(81, 'Zoey', 'Freddie', 0, 1, 3, 2, 'dd2860872@gmail.com', '', 'MHe4d9Y'),
(82, 'Kaia', 'Michael', 0, 2, 5, 0, 'duckdaisy515@gmail.com', '', '7vknK5u'),
(83, 'Nevaeh', 'Spencer', 0, 1, 1, 2, 'hueyduck515@gmail.com', '', 'lWXxCvz'),
(84, 'Leah', 'Zion', 0, 3, 5, 3, 'deweyduck515@gmail.com', '', 'rju07ba'),
(85, 'Summer', 'Jaxon', 0, 4, 2, 3, 'louieduck515@gmail.com', '', 'kuDbrlU'),
(86, 'Eloise', 'John', 1, 5, 3, 2, 'delladuck515@gmail.com', '', 'mbXQwnT'),
(87, 'Jasmine', 'Micah', 0, 6, 3, 4, 'mcduckscrooge515@gmail.com', '', 'bLWl8sn'),
(88, 'Maya', 'Otis', 3, 7, 2, 1, 'minniemouse51515@gmail.com', '', 'NBU4VXi'),
(89, 'Paige', 'Gabriel', 0, 3, 4, 3, 'mickeymouse515151515@gmail.com', '', 'ljbsZyP'),
(90, 'Marley', 'Isaiah', 3, 2, 2, 1, 'daffyduck515@gmail.com', '', 'pzsGMgP'),
(91, 'Cleo', 'Miles', 0, 6, 1, 4, 'rst6029@stacmail.net', '', '0G1Molp'),
(92, 'Maisie', 'Zachary', 0, 8, 2, 4, 'ath7073@stacmail.net', '', 'yO9BptY'),
(93, 'Pippa', 'Leon', 0, 9, 1, 3, 'mow0435@stacmail.net', '', 'rKmFDt4'),
(94, 'Rosie', 'Ezekiel', 0, 10, 1, 3, 'lzh5885@stacmail.net', '', 'mP5NS2x'),
(95, 'Amara', 'Tyler', 0, 11, 2, 2, 'ted4895@stacmail.net', '', 'laN8skU'),
(96, 'Kora', 'Adam', 1, 5, 4, 2, 'csi7898@stacmail.net', '', 'kqXRrpW'),
(97, 'Charlotte', 'Oliver', 0, 1, 3, 2, 'dd2860872@gmail.com', '', 'pPSDBVW'),
(98, 'Isla', 'Noah', 0, 2, 5, 0, 'duckdaisy515@gmail.com', '', 'uqhc8sG'),
(99, 'Amelia', 'Jack', 0, 1, 1, 2, 'hueyduck515@gmail.com', '', 'kcSsBIz'),
(100, 'Olivia', 'Leo', 0, 3, 5, 3, 'deweyduck515@gmail.com', '', 'Cs3DtXW'),
(101, 'Ava', 'George', 0, 4, 2, 3, 'louieduck515@gmail.com', '', 'v2BfH71'),
(102, 'Willow', 'Charlie', 1, 5, 3, 2, 'delladuck515@gmail.com', '', 'F78Y2LD'),
(103, 'Lily', 'Lucas', 0, 6, 3, 4, 'mcduckscrooge515@gmail.com', '', 'LRkjnEZ'),
(104, 'Isabella', 'Theodore', 3, 7, 2, 1, 'minniemouse51515@gmail.com', '', '1RJ30QS'),
(105, 'Mila', 'William', 0, 3, 4, 3, 'mickeymouse515151515@gmail.com', '', 'UCKGIdh'),
(106, 'Ella', 'Luca', 3, 2, 2, 1, 'daffyduck515@gmail.com', '', 'w2mhj9N'),
(107, 'Mia', 'Elijah', 0, 6, 1, 4, 'rst6029@stacmail.net', '', 'PBh1eHa'),
(108, 'Sophie', 'Liam', 0, 8, 2, 4, 'ath7073@stacmail.net', '', 'LGCX0Pv'),
(109, 'Hazel', 'Mason', 0, 9, 1, 3, 'mow0435@stacmail.net', '', 'kUSR5Vc'),
(110, 'Harper', 'James', 0, 10, 1, 3, 'lzh5885@stacmail.net', '', 'ts60e4a'),
(111, 'Emily', 'Thomas', 0, 11, 2, 2, 'ted4895@stacmail.net', '', 'JuX2loU'),
(112, 'Lucy', 'Hudson', 1, 5, 4, 2, 'csi7898@stacmail.net', '', 'sQMCOrc'),
(113, 'Chloe', 'Arlo', 0, 1, 3, 2, 'dd2860872@gmail.com', '', 'T0vOU3a'),
(114, 'Grace', 'Lachlan', 0, 2, 5, 0, 'duckdaisy515@gmail.com', '', 'AEd3W9N'),
(115, 'Ruby', 'Archie', 0, 1, 1, 2, 'hueyduck515@gmail.com', '', '1Z6RCex'),
(116, 'Matilda', 'Arthur', 0, 3, 5, 3, 'deweyduck515@gmail.com', '', '3xmRIlv'),
(117, 'Zoe', 'Hunter', 0, 4, 2, 3, 'louieduck515@gmail.com', '', 'uGwaoyU'),
(118, 'Freya', 'Oscar', 1, 5, 3, 2, 'delladuck515@gmail.com', '', 'euiTCAk'),
(119, 'Aria', 'Max', 0, 6, 3, 4, 'mcduckscrooge515@gmail.com', '', 'hw5pUvH'),
(120, 'Ivy', 'Levi', 3, 7, 2, 1, 'minniemouse51515@gmail.com', '', 'D40RrLn'),
(121, 'Sophia', 'Finn', 0, 3, 4, 3, 'mickeymouse515151515@gmail.com', '', 'kQneLXc'),
(122, 'Evelyn', 'Hugo', 3, 2, 2, 1, 'daffyduck515@gmail.com', '', 'ByXhTM0'),
(123, 'Georgia', 'Ethan', 0, 6, 1, 4, 'rst6029@stacmail.net', '', 'bUxuDGL'),
(124, 'Olive', 'Asher', 0, 8, 2, 4, 'ath7073@stacmail.net', '', 'mRft9Dz'),
(125, 'Riley', 'Henry', 0, 9, 1, 3, 'mow0435@stacmail.net', '', 'lC4zBvQ'),
(126, 'Luna', 'Cooper', 0, 10, 1, 3, 'lzh5885@stacmail.net', '', 'aPKwbRV'),
(127, 'Ellie', 'Carter', 0, 11, 2, 2, 'ted4895@stacmail.net', '', 'K5Fg4aw'),
(128, 'Florence', 'Ezra', 1, 5, 4, 2, 'csi7898@stacmail.net', '', 'l3GNjh9'),
(129, 'Millie', 'Lincoln', 0, 1, 3, 2, 'dd2860872@gmail.com', '', 'bHLRgmJ'),
(130, 'Maia', 'Felix', 0, 2, 5, 0, 'duckdaisy515@gmail.com', '', 'Sbcz91C'),
(131, 'Sienna', 'Alexander', 0, 1, 1, 2, 'hueyduck515@gmail.com', '', 'mjuHMg6'),
(132, 'Evie', 'Archer', 0, 3, 5, 3, 'deweyduck515@gmail.com', '', 'Anchpf1'),
(133, 'Frankie', 'Beau', 0, 4, 2, 3, 'louieduck515@gmail.com', '', 'LadmJ4s'),
(134, 'Layla', 'Harrison', 1, 5, 3, 2, 'delladuck515@gmail.com', '', '9igQyJm'),
(135, 'Ayla', 'Eli', 0, 6, 3, 4, 'mcduckscrooge515@gmail.com', '', '7cbQyYf'),
(136, 'Isabelle', 'Jackson', 3, 7, 2, 1, 'minniemouse51515@gmail.com', '', 'lXSvNIT'),
(137, 'Poppy', 'Louis', 0, 3, 4, 3, 'mickeymouse515151515@gmail.com', '', '6Y5xg9h'),
(138, 'Aurora', 'Theo', 3, 2, 2, 1, 'daffyduck515@gmail.com', '', 'wr8RHFk'),
(139, 'Emma', 'Benjamin', 0, 6, 1, 4, 'rst6029@stacmail.net', '', 'K4Ou7cn'),
(140, 'Madison', 'Nikau', 0, 8, 2, 4, 'ath7073@stacmail.net', '', '9cjpdq8'),
(141, 'Billie', 'Isaac', 0, 9, 1, 3, 'mow0435@stacmail.net', '', 'xk68RXY'),
(142, 'Mackenzie', 'Joseph', 0, 10, 1, 3, 'lzh5885@stacmail.net', '', 'Mhixlbk'),
(143, 'Alice', 'Joshua', 0, 11, 2, 2, 'ted4895@stacmail.net', '', 'Dz0i63h'),
(144, 'Thea', 'Blake', 1, 5, 4, 2, 'csi7898@stacmail.net', '', 'zVWe8DK'),
(145, 'Daisy', 'Daniel', 0, 1, 3, 2, 'dd2860872@gmail.com', '', 'CDLh1XB'),
(146, 'Indie', 'Samuel', 0, 2, 5, 0, 'duckdaisy515@gmail.com', '', 'qt52r8e'),
(147, 'Abigail', 'Grayson', 0, 1, 1, 2, 'hueyduck515@gmail.com', '', 'R0piUqo'),
(148, 'Maeve', 'Caleb', 0, 3, 5, 3, 'deweyduck515@gmail.com', '', 'VfF78eD'),
(149, 'Penelope', 'Jasper', 0, 4, 2, 3, 'louieduck515@gmail.com', '', 'RgNLxOJ'),
(150, 'Quinn', 'Luka', 1, 5, 3, 2, 'delladuck515@gmail.com', '', 'U6pDQW3'),
(151, 'Emilia', 'Braxton', 0, 6, 3, 4, 'mcduckscrooge515@gmail.com', '', 'p7lmUYE'),
(152, 'Scarlett', 'Edward', 3, 7, 2, 1, 'minniemouse51515@gmail.com', '', 'Q9CJRlD'),
(153, 'Violet', 'Jacob', 0, 3, 4, 3, 'mickeymouse515151515@gmail.com', '', 'Okc8Dyn'),
(154, 'Addison', 'Harry', 3, 2, 2, 1, 'daffyduck515@gmail.com', '', 'iolFOR5'),
(155, 'Sofia', 'Harvey', 0, 6, 1, 4, 'rst6029@stacmail.net', '', 'zToJXLA'),
(156, 'Eva', 'River', 0, 8, 2, 4, 'ath7073@stacmail.net', '', 'fc8AVPo'),
(157, 'Elsie', 'Riley', 0, 9, 1, 3, 'mow0435@stacmail.net', '', 'IAo5lb6'),
(158, 'Harriet', 'Roman', 0, 10, 1, 3, 'lzh5885@stacmail.net', '', 'A2S5Gtv'),
(159, 'Amaia', 'Sebastian', 0, 11, 2, 2, 'ted4895@stacmail.net', '', 'E5WXY0k'),
(160, 'Bella', 'Bodhi', 1, 5, 4, 2, 'csi7898@stacmail.net', '', 'wsJCmGD'),
(161, 'Maddison', 'Luke', 0, 1, 3, 2, 'dd2860872@gmail.com', '', 'U5jasXq'),
(162, 'Sadie', 'Nico', 0, 2, 5, 0, 'duckdaisy515@gmail.com', '', 'qTSiJ5r'),
(163, 'Stella', 'Louie', 0, 1, 1, 2, 'hueyduck515@gmail.com', '', 'WoKFPDH'),
(164, 'Elizabeth', 'Quinn', 0, 3, 5, 3, 'deweyduck515@gmail.com', '', 'JLhEOM5'),
(165, 'Eleanor', 'Logan', 0, 4, 2, 3, 'louieduck515@gmail.com', '', 'WGqRL3o'),
(166, 'Eden', 'Ryan', 1, 5, 3, 2, 'delladuck515@gmail.com', '', 'lYcdygL'),
(167, 'Margot', 'Oakley', 0, 6, 3, 4, 'mcduckscrooge515@gmail.com', '', '4C9PuwM'),
(168, 'Piper', 'Charles', 3, 7, 2, 1, 'minniemouse51515@gmail.com', '', 'C5yWKpq'),
(169, 'Harlow', 'Jordan', 0, 3, 4, 3, 'mickeymouse515151515@gmail.com', '', 'GAFIaTC'),
(170, 'Zara', 'Ari', 3, 2, 2, 1, 'daffyduck515@gmail.com', '', 'uU5zfLY'),
(171, 'Hannah', 'Connor', 0, 6, 1, 4, 'rst6029@stacmail.net', '', 'LytEbp0'),
(172, 'Amber', 'Nathan', 0, 8, 2, 4, 'ath7073@stacmail.net', '', 'uYhOmVy'),
(173, 'Eliza', 'Aiden', 0, 9, 1, 3, 'mow0435@stacmail.net', '', 'yO352Kx'),
(174, 'Ada', 'Ryder', 0, 10, 1, 3, 'lzh5885@stacmail.net', '', 'Y0nMdKa'),
(175, 'Phoebe', 'Toby', 0, 11, 2, 2, 'ted4895@stacmail.net', '', 'N052dje'),
(176, 'Kiara', 'Austin', 1, 5, 4, 2, 'csi7898@stacmail.net', '', 'TxjCzBK'),
(177, 'Zoey', 'Freddie', 0, 1, 3, 2, 'dd2860872@gmail.com', '', '0Myfj8t'),
(178, 'Kaia', 'Michael', 0, 2, 5, 0, 'duckdaisy515@gmail.com', '', 'ScDbLUE'),
(179, 'Nevaeh', 'Spencer', 0, 1, 1, 2, 'hueyduck515@gmail.com', '', 'qlsgkj8'),
(180, 'Leah', 'Zion', 0, 3, 5, 3, 'deweyduck515@gmail.com', '', 'DuXaf3m'),
(181, 'Summer', 'Jaxon', 0, 4, 2, 3, 'louieduck515@gmail.com', '', 'EBL2Onz'),
(182, 'Eloise', 'John', 1, 5, 3, 2, 'delladuck515@gmail.com', '', 'j60bt4x'),
(183, 'Jasmine', 'Micah', 0, 6, 3, 4, 'mcduckscrooge515@gmail.com', '', '7iJOs58'),
(184, 'Maya', 'Otis', 3, 7, 2, 1, 'minniemouse51515@gmail.com', '', '6Nt4mGZ'),
(185, 'Paige', 'Gabriel', 0, 3, 4, 3, 'mickeymouse515151515@gmail.com', '', '6KOGVFo'),
(186, 'Marley', 'Isaiah', 3, 2, 2, 1, 'daffyduck515@gmail.com', '', 'n1wcZ0W'),
(187, 'Cleo', 'Miles', 0, 6, 1, 4, 'rst6029@stacmail.net', '', 'Ye1szh7'),
(188, 'Maisie', 'Zachary', 0, 8, 2, 4, 'ath7073@stacmail.net', '', 'Ly9KJ7T'),
(189, 'Pippa', 'Leon', 0, 9, 1, 3, 'mow0435@stacmail.net', '', 'XDNeM8V'),
(190, 'Rosie', 'Ezekiel', 0, 10, 1, 3, 'lzh5885@stacmail.net', '', 'XEUMFdk'),
(191, 'Amara', 'Tyler', 0, 11, 2, 2, 'ted4895@stacmail.net', '', 'AiyYB0n'),
(192, 'Kora', 'Adam', 1, 5, 4, 2, 'csi7898@stacmail.net', '', 'QUWljud');

-- --------------------------------------------------------

--
-- Table structure for table `studentclass`
--

CREATE TABLE `studentclass` (
  `ID` int(11) NOT NULL,
  `studentID` int(5) NOT NULL,
  `classID` int(3) NOT NULL
) ENGINE=InnoDB DEFAULT CHARSET=utf8mb4;

--
-- Dumping data for table `studentclass`
--

INSERT INTO `studentclass` (`ID`, `studentID`, `classID`) VALUES
(1, 1, 1),
(2, 1, 2),
(3, 1, 3),
(4, 1, 4),
(5, 1, 5),
(6, 1, 6),
(7, 1, 7),
(8, 2, 8),
(9, 2, 9),
(10, 2, 10),
(11, 2, 11),
(12, 2, 12),
(13, 2, 13),
(14, 2, 14),
(15, 2, 15),
(16, 2, 16),
(17, 2, 17),
(18, 2, 18),
(19, 2, 10),
(20, 2, 19),
(21, 2, 20),
(22, 2, 21),
(23, 2, 14),
(24, 2, 22),
(25, 2, 23),
(26, 2, 9),
(27, 2, 7),
(28, 3, 24),
(29, 3, 25),
(30, 3, 26),
(31, 3, 27),
(32, 3, 28),
(33, 3, 29),
(34, 3, 30),
(35, 3, 31),
(36, 3, 32),
(37, 3, 7),
(38, 3, 33),
(39, 3, 34),
(40, 3, 35),
(41, 3, 36),
(42, 3, 37),
(43, 3, 38),
(44, 3, 39),
(45, 3, 40),
(46, 4, 41),
(47, 4, 42),
(48, 4, 43),
(49, 4, 44),
(50, 4, 45),
(51, 4, 46),
(52, 4, 7),
(53, 5, 47),
(54, 5, 48),
(55, 5, 49),
(56, 5, 50),
(57, 5, 51),
(58, 5, 52),
(59, 5, 53),
(60, 5, 54),
(61, 5, 55),
(62, 5, 56),
(63, 5, 57),
(64, 5, 7),
(65, 6, 58),
(66, 6, 59),
(67, 6, 60),
(68, 6, 61),
(69, 6, 62),
(70, 6, 63),
(71, 6, 7),
(72, 7, 58),
(73, 7, 59),
(74, 7, 60),
(75, 7, 4),
(76, 7, 5),
(77, 7, 64),
(78, 7, 7),
(79, 8, 47),
(80, 8, 48),
(81, 8, 49),
(82, 8, 50),
(83, 8, 51),
(84, 8, 52),
(85, 8, 53),
(86, 8, 54),
(87, 8, 65),
(88, 8, 7),
(89, 9, 66),
(90, 9, 67),
(91, 9, 68),
(92, 9, 69),
(93, 9, 70),
(94, 9, 71),
(95, 9, 7),
(96, 10, 47),
(97, 10, 48),
(98, 10, 49),
(99, 10, 50),
(100, 10, 51),
(101, 10, 52),
(102, 10, 53),
(103, 10, 54),
(104, 10, 55),
(105, 10, 72),
(106, 10, 57),
(107, 10, 7),
(108, 11, 73),
(109, 11, 26),
(110, 11, 27),
(111, 11, 28),
(112, 11, 29),
(113, 11, 30),
(114, 11, 74),
(115, 11, 32),
(116, 11, 7),
(117, 11, 75),
(118, 11, 76),
(119, 11, 77),
(120, 11, 78),
(121, 11, 79),
(122, 11, 80),
(123, 11, 81),
(124, 11, 82),
(125, 12, 47),
(126, 12, 48),
(127, 12, 49),
(128, 12, 50),
(129, 12, 51),
(130, 12, 52),
(131, 12, 53),
(132, 12, 54),
(133, 12, 83),
(134, 12, 56),
(135, 12, 84),
(136, 12, 7),
(137, 13, 73),
(138, 13, 26),
(139, 13, 27),
(140, 13, 28),
(141, 13, 29),
(142, 13, 30),
(143, 13, 85),
(144, 13, 32),
(145, 13, 7),
(146, 13, 86),
(147, 13, 87),
(148, 13, 88),
(149, 13, 89),
(150, 13, 90),
(151, 13, 91),
(152, 13, 92),
(153, 13, 93),
(154, 14, 94),
(155, 14, 25),
(156, 14, 26),
(157, 14, 27),
(158, 14, 28),
(159, 14, 29),
(160, 14, 30),
(161, 14, 95),
(162, 14, 96),
(163, 14, 7),
(164, 14, 97),
(165, 14, 98),
(166, 14, 99),
(167, 14, 100),
(168, 14, 101),
(169, 14, 102),
(170, 14, 103),
(171, 14, 104),
(172, 15, 47),
(173, 15, 48),
(174, 15, 49),
(175, 15, 50),
(176, 15, 51),
(177, 15, 52),
(178, 15, 53),
(179, 15, 83),
(180, 15, 105),
(181, 15, 106),
(182, 15, 107),
(183, 15, 7),
(184, 16, 108),
(185, 16, 109),
(186, 16, 110),
(187, 16, 111),
(188, 16, 112),
(189, 16, 113),
(190, 16, 7),
(191, 17, 1),
(192, 17, 2),
(193, 17, 3),
(194, 17, 4),
(195, 17, 5),
(196, 17, 6),
(197, 17, 7),
(198, 18, 8),
(199, 18, 9),
(200, 18, 10),
(201, 18, 11),
(202, 18, 12),
(203, 18, 13),
(204, 18, 14),
(205, 18, 15),
(206, 18, 16),
(207, 18, 17),
(208, 18, 18),
(209, 18, 10),
(210, 18, 19),
(211, 18, 20),
(212, 18, 21),
(213, 18, 14),
(214, 18, 22),
(215, 18, 23),
(216, 18, 9),
(217, 18, 7),
(218, 19, 24),
(219, 19, 25),
(220, 19, 26),
(221, 19, 27),
(222, 19, 28),
(223, 19, 29),
(224, 19, 30),
(225, 19, 31),
(226, 19, 32),
(227, 19, 7),
(228, 19, 33),
(229, 19, 34),
(230, 19, 35),
(231, 19, 36),
(232, 19, 37),
(233, 19, 38),
(234, 19, 39),
(235, 19, 40),
(236, 20, 41),
(237, 20, 42),
(238, 20, 43),
(239, 20, 44),
(240, 20, 45),
(241, 20, 46),
(242, 20, 7),
(243, 21, 47),
(244, 21, 48),
(245, 21, 49),
(246, 21, 50),
(247, 21, 51),
(248, 21, 52),
(249, 21, 53),
(250, 21, 54),
(251, 21, 55),
(252, 21, 56),
(253, 21, 57),
(254, 21, 7),
(255, 22, 58),
(256, 22, 59),
(257, 22, 60),
(258, 22, 61),
(259, 22, 62),
(260, 22, 63),
(261, 22, 7),
(262, 23, 58),
(263, 23, 59),
(264, 23, 60),
(265, 23, 4),
(266, 23, 5),
(267, 23, 64),
(268, 23, 7),
(269, 24, 47),
(270, 24, 48),
(271, 24, 49),
(272, 24, 50),
(273, 24, 51),
(274, 24, 52),
(275, 24, 53),
(276, 24, 54),
(277, 24, 65),
(278, 24, 7),
(279, 25, 66),
(280, 25, 67),
(281, 25, 68),
(282, 25, 69),
(283, 25, 70),
(284, 25, 71),
(285, 25, 7),
(286, 26, 47),
(287, 26, 48),
(288, 26, 49),
(289, 26, 50),
(290, 26, 51),
(291, 26, 52),
(292, 26, 53),
(293, 26, 54),
(294, 26, 55),
(295, 26, 72),
(296, 26, 57),
(297, 26, 7),
(298, 27, 73),
(299, 27, 26),
(300, 27, 27),
(301, 27, 28),
(302, 27, 29),
(303, 27, 30),
(304, 27, 74),
(305, 27, 32),
(306, 27, 7),
(307, 27, 75),
(308, 27, 76),
(309, 27, 77),
(310, 27, 78),
(311, 27, 79),
(312, 27, 80),
(313, 27, 81),
(314, 27, 82),
(315, 28, 47),
(316, 28, 48),
(317, 28, 49),
(318, 28, 50),
(319, 28, 51),
(320, 28, 52),
(321, 28, 53),
(322, 28, 54),
(323, 28, 83),
(324, 28, 56),
(325, 28, 84),
(326, 28, 7),
(327, 29, 73),
(328, 29, 26),
(329, 29, 27),
(330, 29, 28),
(331, 29, 29),
(332, 29, 30),
(333, 29, 85),
(334, 29, 32),
(335, 29, 7),
(336, 29, 86),
(337, 29, 87),
(338, 29, 88),
(339, 29, 89),
(340, 29, 90),
(341, 29, 91),
(342, 29, 92),
(343, 29, 93),
(344, 30, 94),
(345, 30, 25),
(346, 30, 26),
(347, 30, 27),
(348, 30, 28),
(349, 30, 29),
(350, 30, 30),
(351, 30, 95),
(352, 30, 96),
(353, 30, 7),
(354, 30, 97),
(355, 30, 98),
(356, 30, 99),
(357, 30, 100),
(358, 30, 101),
(359, 30, 102),
(360, 30, 103),
(361, 30, 104),
(362, 31, 47),
(363, 31, 48),
(364, 31, 49),
(365, 31, 50),
(366, 31, 51),
(367, 31, 52),
(368, 31, 53),
(369, 31, 83),
(370, 31, 105),
(371, 31, 106),
(372, 31, 107),
(373, 31, 7),
(374, 32, 108),
(375, 32, 109),
(376, 32, 110),
(377, 32, 111),
(378, 32, 112),
(379, 32, 113),
(380, 32, 7),
(381, 33, 1),
(382, 33, 2),
(383, 33, 3),
(384, 33, 4),
(385, 33, 5),
(386, 33, 6),
(387, 33, 7),
(388, 34, 8),
(389, 34, 9),
(390, 34, 10),
(391, 34, 11),
(392, 34, 12),
(393, 34, 13),
(394, 34, 14),
(395, 34, 15),
(396, 34, 16),
(397, 34, 17),
(398, 34, 18),
(399, 34, 10),
(400, 34, 19),
(401, 34, 20),
(402, 34, 21),
(403, 34, 14),
(404, 34, 22),
(405, 34, 23),
(406, 34, 9),
(407, 34, 7),
(408, 35, 24),
(409, 35, 25),
(410, 35, 26),
(411, 35, 27),
(412, 35, 28),
(413, 35, 29),
(414, 35, 30),
(415, 35, 31),
(416, 35, 32),
(417, 35, 7),
(418, 35, 33),
(419, 35, 34),
(420, 35, 35),
(421, 35, 36),
(422, 35, 37),
(423, 35, 38),
(424, 35, 39),
(425, 35, 40),
(426, 36, 41),
(427, 36, 42),
(428, 36, 43),
(429, 36, 44),
(430, 36, 45),
(431, 36, 46),
(432, 36, 7),
(433, 37, 47),
(434, 37, 48),
(435, 37, 49),
(436, 37, 50),
(437, 37, 51),
(438, 37, 52),
(439, 37, 53),
(440, 37, 54),
(441, 37, 55),
(442, 37, 56),
(443, 37, 57),
(444, 37, 7),
(445, 38, 58),
(446, 38, 59),
(447, 38, 60),
(448, 38, 61),
(449, 38, 62),
(450, 38, 63),
(451, 38, 7),
(452, 39, 58),
(453, 39, 59),
(454, 39, 60),
(455, 39, 4),
(456, 39, 5),
(457, 39, 64),
(458, 39, 7),
(459, 40, 47),
(460, 40, 48),
(461, 40, 49),
(462, 40, 50),
(463, 40, 51),
(464, 40, 52),
(465, 40, 53),
(466, 40, 54),
(467, 40, 65),
(468, 40, 7),
(469, 41, 66),
(470, 41, 67),
(471, 41, 68),
(472, 41, 69),
(473, 41, 70),
(474, 41, 71),
(475, 41, 7),
(476, 42, 47),
(477, 42, 48),
(478, 42, 49),
(479, 42, 50),
(480, 42, 51),
(481, 42, 52),
(482, 42, 53),
(483, 42, 54),
(484, 42, 55),
(485, 42, 72),
(486, 42, 57),
(487, 42, 7),
(488, 43, 73),
(489, 43, 26),
(490, 43, 27),
(491, 43, 28),
(492, 43, 29),
(493, 43, 30),
(494, 43, 74),
(495, 43, 32),
(496, 43, 7),
(497, 43, 75),
(498, 43, 76),
(499, 43, 77),
(500, 43, 78),
(501, 43, 79),
(502, 43, 80),
(503, 43, 81),
(504, 43, 82),
(505, 44, 47),
(506, 44, 48),
(507, 44, 49),
(508, 44, 50),
(509, 44, 51),
(510, 44, 52),
(511, 44, 53),
(512, 44, 54),
(513, 44, 83),
(514, 44, 56),
(515, 44, 84),
(516, 44, 7),
(517, 45, 73),
(518, 45, 26),
(519, 45, 27),
(520, 45, 28),
(521, 45, 29),
(522, 45, 30),
(523, 45, 85),
(524, 45, 32),
(525, 45, 7),
(526, 45, 86),
(527, 45, 87),
(528, 45, 88),
(529, 45, 89),
(530, 45, 90),
(531, 45, 91),
(532, 45, 92),
(533, 45, 93),
(534, 46, 94),
(535, 46, 25),
(536, 46, 26),
(537, 46, 27),
(538, 46, 28),
(539, 46, 29),
(540, 46, 30),
(541, 46, 95),
(542, 46, 96),
(543, 46, 7),
(544, 46, 97),
(545, 46, 98),
(546, 46, 99),
(547, 46, 100),
(548, 46, 101),
(549, 46, 102),
(550, 46, 103),
(551, 46, 104),
(552, 47, 47),
(553, 47, 48),
(554, 47, 49),
(555, 47, 50),
(556, 47, 51),
(557, 47, 52),
(558, 47, 53),
(559, 47, 83),
(560, 47, 105),
(561, 47, 106),
(562, 47, 107),
(563, 47, 7),
(564, 48, 108),
(565, 48, 109),
(566, 48, 110),
(567, 48, 111),
(568, 48, 112),
(569, 48, 113),
(570, 48, 7),
(571, 49, 1),
(572, 49, 2),
(573, 49, 3),
(574, 49, 4),
(575, 49, 5),
(576, 49, 6),
(577, 49, 7),
(578, 50, 8),
(579, 50, 9),
(580, 50, 10),
(581, 50, 11),
(582, 50, 12),
(583, 50, 13),
(584, 50, 14),
(585, 50, 15),
(586, 50, 16),
(587, 50, 17),
(588, 50, 18),
(589, 50, 10),
(590, 50, 19),
(591, 50, 20),
(592, 50, 21),
(593, 50, 14),
(594, 50, 22),
(595, 50, 23),
(596, 50, 9),
(597, 50, 7),
(598, 51, 24),
(599, 51, 25),
(600, 51, 26),
(601, 51, 27),
(602, 51, 28),
(603, 51, 29),
(604, 51, 30),
(605, 51, 31),
(606, 51, 32),
(607, 51, 7),
(608, 51, 33),
(609, 51, 34),
(610, 51, 35),
(611, 51, 36),
(612, 51, 37),
(613, 51, 38),
(614, 51, 39),
(615, 51, 40),
(616, 52, 41),
(617, 52, 42),
(618, 52, 43),
(619, 52, 44),
(620, 52, 45),
(621, 52, 46),
(622, 52, 7),
(623, 53, 47),
(624, 53, 48),
(625, 53, 49),
(626, 53, 50),
(627, 53, 51),
(628, 53, 52),
(629, 53, 53),
(630, 53, 54),
(631, 53, 55),
(632, 53, 56),
(633, 53, 57),
(634, 53, 7),
(635, 54, 58),
(636, 54, 59),
(637, 54, 60),
(638, 54, 61),
(639, 54, 62),
(640, 54, 63),
(641, 54, 7),
(642, 55, 58),
(643, 55, 59),
(644, 55, 60),
(645, 55, 4),
(646, 55, 5),
(647, 55, 64),
(648, 55, 7),
(649, 56, 47),
(650, 56, 48),
(651, 56, 49),
(652, 56, 50),
(653, 56, 51),
(654, 56, 52),
(655, 56, 53),
(656, 56, 54),
(657, 56, 65),
(658, 56, 7),
(659, 57, 66),
(660, 57, 67),
(661, 57, 68),
(662, 57, 69),
(663, 57, 70),
(664, 57, 71),
(665, 57, 7),
(666, 58, 47),
(667, 58, 48),
(668, 58, 49),
(669, 58, 50),
(670, 58, 51),
(671, 58, 52),
(672, 58, 53),
(673, 58, 54),
(674, 58, 55),
(675, 58, 72),
(676, 58, 57),
(677, 58, 7),
(678, 59, 73),
(679, 59, 26),
(680, 59, 27),
(681, 59, 28),
(682, 59, 29),
(683, 59, 30),
(684, 59, 74),
(685, 59, 32),
(686, 59, 7),
(687, 59, 75),
(688, 59, 76),
(689, 59, 77),
(690, 59, 78),
(691, 59, 79),
(692, 59, 80),
(693, 59, 81),
(694, 59, 82),
(695, 60, 47),
(696, 60, 48),
(697, 60, 49),
(698, 60, 50),
(699, 60, 51),
(700, 60, 52),
(701, 60, 53),
(702, 60, 54),
(703, 60, 83),
(704, 60, 56),
(705, 60, 84),
(706, 60, 7),
(707, 61, 73),
(708, 61, 26),
(709, 61, 27),
(710, 61, 28),
(711, 61, 29),
(712, 61, 30),
(713, 61, 85),
(714, 61, 32),
(715, 61, 7),
(716, 61, 86),
(717, 61, 87),
(718, 61, 88),
(719, 61, 89),
(720, 61, 90),
(721, 61, 91),
(722, 61, 92),
(723, 61, 93),
(724, 62, 94),
(725, 62, 25),
(726, 62, 26),
(727, 62, 27),
(728, 62, 28),
(729, 62, 29),
(730, 62, 30),
(731, 62, 95),
(732, 62, 96),
(733, 62, 7),
(734, 62, 97),
(735, 62, 98),
(736, 62, 99),
(737, 62, 100),
(738, 62, 101),
(739, 62, 102),
(740, 62, 103),
(741, 62, 104),
(742, 63, 47),
(743, 63, 48),
(744, 63, 49),
(745, 63, 50),
(746, 63, 51),
(747, 63, 52),
(748, 63, 53),
(749, 63, 83),
(750, 63, 105),
(751, 63, 106),
(752, 63, 107),
(753, 63, 7),
(754, 64, 108),
(755, 64, 109),
(756, 64, 110),
(757, 64, 111),
(758, 64, 112),
(759, 64, 113),
(760, 64, 7),
(761, 65, 1),
(762, 65, 2),
(763, 65, 3),
(764, 65, 4),
(765, 65, 5),
(766, 65, 6),
(767, 65, 7),
(768, 66, 8),
(769, 66, 9),
(770, 66, 10),
(771, 66, 11),
(772, 66, 12),
(773, 66, 13),
(774, 66, 14),
(775, 66, 15),
(776, 66, 16),
(777, 66, 17),
(778, 66, 18),
(779, 66, 10),
(780, 66, 19),
(781, 66, 20),
(782, 66, 21),
(783, 66, 14),
(784, 66, 22),
(785, 66, 23),
(786, 66, 9),
(787, 66, 7),
(788, 67, 24),
(789, 67, 25),
(790, 67, 26),
(791, 67, 27),
(792, 67, 28),
(793, 67, 29),
(794, 67, 30),
(795, 67, 31),
(796, 67, 32),
(797, 67, 7),
(798, 67, 33),
(799, 67, 34),
(800, 67, 35),
(801, 67, 36),
(802, 67, 37),
(803, 67, 38),
(804, 67, 39),
(805, 67, 40),
(806, 68, 41),
(807, 68, 42),
(808, 68, 43),
(809, 68, 44),
(810, 68, 45),
(811, 68, 46),
(812, 68, 7),
(813, 69, 47),
(814, 69, 48),
(815, 69, 49),
(816, 69, 50),
(817, 69, 51),
(818, 69, 52),
(819, 69, 53),
(820, 69, 54),
(821, 69, 55),
(822, 69, 56),
(823, 69, 57),
(824, 69, 7),
(825, 70, 58),
(826, 70, 59),
(827, 70, 60),
(828, 70, 61),
(829, 70, 62),
(830, 70, 63),
(831, 70, 7),
(832, 71, 58),
(833, 71, 59),
(834, 71, 60),
(835, 71, 4),
(836, 71, 5),
(837, 71, 64),
(838, 71, 7),
(839, 72, 47),
(840, 72, 48),
(841, 72, 49),
(842, 72, 50),
(843, 72, 51),
(844, 72, 52),
(845, 72, 53),
(846, 72, 54),
(847, 72, 65),
(848, 72, 7),
(849, 73, 66),
(850, 73, 67),
(851, 73, 68),
(852, 73, 69),
(853, 73, 70),
(854, 73, 71),
(855, 73, 7),
(856, 74, 47),
(857, 74, 48),
(858, 74, 49),
(859, 74, 50),
(860, 74, 51),
(861, 74, 52),
(862, 74, 53),
(863, 74, 54),
(864, 74, 55),
(865, 74, 72),
(866, 74, 57),
(867, 74, 7),
(868, 75, 73),
(869, 75, 26),
(870, 75, 27),
(871, 75, 28),
(872, 75, 29),
(873, 75, 30),
(874, 75, 74),
(875, 75, 32),
(876, 75, 7),
(877, 75, 75),
(878, 75, 76),
(879, 75, 77),
(880, 75, 78),
(881, 75, 79),
(882, 75, 80),
(883, 75, 81),
(884, 75, 82),
(885, 76, 47),
(886, 76, 48),
(887, 76, 49),
(888, 76, 50),
(889, 76, 51),
(890, 76, 52),
(891, 76, 53),
(892, 76, 54),
(893, 76, 83),
(894, 76, 56),
(895, 76, 84),
(896, 76, 7),
(897, 77, 73),
(898, 77, 26),
(899, 77, 27),
(900, 77, 28),
(901, 77, 29),
(902, 77, 30),
(903, 77, 85),
(904, 77, 32),
(905, 77, 7),
(906, 77, 86),
(907, 77, 87),
(908, 77, 88),
(909, 77, 89),
(910, 77, 90),
(911, 77, 91),
(912, 77, 92),
(913, 77, 93),
(914, 78, 94),
(915, 78, 25),
(916, 78, 26),
(917, 78, 27),
(918, 78, 28),
(919, 78, 29),
(920, 78, 30),
(921, 78, 95),
(922, 78, 96),
(923, 78, 7),
(924, 78, 97),
(925, 78, 98),
(926, 78, 99),
(927, 78, 100),
(928, 78, 101),
(929, 78, 102),
(930, 78, 103),
(931, 78, 104),
(932, 79, 47),
(933, 79, 48),
(934, 79, 49),
(935, 79, 50),
(936, 79, 51),
(937, 79, 52),
(938, 79, 53),
(939, 79, 83),
(940, 79, 105),
(941, 79, 106),
(942, 79, 107),
(943, 79, 7),
(944, 80, 108),
(945, 80, 109),
(946, 80, 110),
(947, 80, 111),
(948, 80, 112),
(949, 80, 113),
(950, 80, 7),
(951, 81, 1),
(952, 81, 2),
(953, 81, 3),
(954, 81, 4),
(955, 81, 5),
(956, 81, 6),
(957, 81, 7),
(958, 82, 8),
(959, 82, 9),
(960, 82, 10),
(961, 82, 11),
(962, 82, 12),
(963, 82, 13),
(964, 82, 14),
(965, 82, 15),
(966, 82, 16),
(967, 82, 17),
(968, 82, 18),
(969, 82, 10),
(970, 82, 19),
(971, 82, 20),
(972, 82, 21),
(973, 82, 14),
(974, 82, 22),
(975, 82, 23),
(976, 82, 9),
(977, 82, 7),
(978, 83, 24),
(979, 83, 25),
(980, 83, 26),
(981, 83, 27),
(982, 83, 28),
(983, 83, 29),
(984, 83, 30),
(985, 83, 31),
(986, 83, 32),
(987, 83, 7),
(988, 83, 33),
(989, 83, 34),
(990, 83, 35),
(991, 83, 36),
(992, 83, 37),
(993, 83, 38),
(994, 83, 39),
(995, 83, 40),
(996, 84, 41),
(997, 84, 42),
(998, 84, 43),
(999, 84, 44),
(1000, 84, 45),
(1001, 84, 46),
(1002, 84, 7),
(1003, 85, 47),
(1004, 85, 48),
(1005, 85, 49),
(1006, 85, 50),
(1007, 85, 51),
(1008, 85, 52),
(1009, 85, 53),
(1010, 85, 54),
(1011, 85, 55),
(1012, 85, 56),
(1013, 85, 57),
(1014, 85, 7),
(1015, 86, 58),
(1016, 86, 59),
(1017, 86, 60),
(1018, 86, 61),
(1019, 86, 62),
(1020, 86, 63),
(1021, 86, 7),
(1022, 87, 58),
(1023, 87, 59),
(1024, 87, 60),
(1025, 87, 4),
(1026, 87, 5),
(1027, 87, 64),
(1028, 87, 7),
(1029, 88, 47),
(1030, 88, 48),
(1031, 88, 49),
(1032, 88, 50),
(1033, 88, 51),
(1034, 88, 52),
(1035, 88, 53),
(1036, 88, 54),
(1037, 88, 65),
(1038, 88, 7),
(1039, 89, 66),
(1040, 89, 67),
(1041, 89, 68),
(1042, 89, 69),
(1043, 89, 70),
(1044, 89, 71),
(1045, 89, 7),
(1046, 90, 47),
(1047, 90, 48),
(1048, 90, 49),
(1049, 90, 50),
(1050, 90, 51),
(1051, 90, 52),
(1052, 90, 53),
(1053, 90, 54),
(1054, 90, 55),
(1055, 90, 72),
(1056, 90, 57),
(1057, 90, 7),
(1058, 91, 73),
(1059, 91, 26),
(1060, 91, 27),
(1061, 91, 28),
(1062, 91, 29),
(1063, 91, 30),
(1064, 91, 74),
(1065, 91, 32),
(1066, 91, 7),
(1067, 91, 75),
(1068, 91, 76),
(1069, 91, 77),
(1070, 91, 78),
(1071, 91, 79),
(1072, 91, 80),
(1073, 91, 81),
(1074, 91, 82),
(1075, 92, 47),
(1076, 92, 48),
(1077, 92, 49),
(1078, 92, 50),
(1079, 92, 51),
(1080, 92, 52),
(1081, 92, 53),
(1082, 92, 54),
(1083, 92, 83),
(1084, 92, 56),
(1085, 92, 84),
(1086, 92, 7),
(1087, 93, 73),
(1088, 93, 26),
(1089, 93, 27),
(1090, 93, 28),
(1091, 93, 29),
(1092, 93, 30),
(1093, 93, 85),
(1094, 93, 32),
(1095, 93, 7),
(1096, 93, 86),
(1097, 93, 87),
(1098, 93, 88),
(1099, 93, 89),
(1100, 93, 90),
(1101, 93, 91),
(1102, 93, 92),
(1103, 93, 93),
(1104, 94, 94),
(1105, 94, 25),
(1106, 94, 26),
(1107, 94, 27),
(1108, 94, 28),
(1109, 94, 29),
(1110, 94, 30),
(1111, 94, 95),
(1112, 94, 96),
(1113, 94, 7),
(1114, 94, 97),
(1115, 94, 98),
(1116, 94, 99),
(1117, 94, 100),
(1118, 94, 101),
(1119, 94, 102),
(1120, 94, 103),
(1121, 94, 104),
(1122, 95, 47),
(1123, 95, 48),
(1124, 95, 49),
(1125, 95, 50),
(1126, 95, 51),
(1127, 95, 52),
(1128, 95, 53),
(1129, 95, 83),
(1130, 95, 105),
(1131, 95, 106),
(1132, 95, 107),
(1133, 95, 7),
(1134, 96, 108),
(1135, 96, 109),
(1136, 96, 110),
(1137, 96, 111),
(1138, 96, 112),
(1139, 96, 113),
(1140, 96, 7),
(1141, 97, 1),
(1142, 97, 2),
(1143, 97, 3),
(1144, 97, 4),
(1145, 97, 5),
(1146, 97, 6),
(1147, 97, 7),
(1148, 98, 8),
(1149, 98, 9),
(1150, 98, 10),
(1151, 98, 11),
(1152, 98, 12),
(1153, 98, 13),
(1154, 98, 14),
(1155, 98, 15),
(1156, 98, 16),
(1157, 98, 17),
(1158, 98, 18),
(1159, 98, 10),
(1160, 98, 19),
(1161, 98, 20),
(1162, 98, 21),
(1163, 98, 14),
(1164, 98, 22),
(1165, 98, 23),
(1166, 98, 9),
(1167, 98, 7),
(1168, 99, 24),
(1169, 99, 25),
(1170, 99, 26),
(1171, 99, 27),
(1172, 99, 28),
(1173, 99, 29),
(1174, 99, 30),
(1175, 99, 31),
(1176, 99, 32),
(1177, 99, 7),
(1178, 99, 33),
(1179, 99, 34),
(1180, 99, 35),
(1181, 99, 36),
(1182, 99, 37),
(1183, 99, 38),
(1184, 99, 39),
(1185, 99, 40),
(1186, 100, 41),
(1187, 100, 42),
(1188, 100, 43),
(1189, 100, 44),
(1190, 100, 45),
(1191, 100, 46),
(1192, 100, 7),
(1193, 101, 47),
(1194, 101, 48),
(1195, 101, 49),
(1196, 101, 50),
(1197, 101, 51),
(1198, 101, 52),
(1199, 101, 53),
(1200, 101, 54),
(1201, 101, 55),
(1202, 101, 56),
(1203, 101, 57),
(1204, 101, 7),
(1205, 102, 58),
(1206, 102, 59),
(1207, 102, 60),
(1208, 102, 61),
(1209, 102, 62),
(1210, 102, 63),
(1211, 102, 7),
(1212, 103, 58),
(1213, 103, 59),
(1214, 103, 60),
(1215, 103, 4),
(1216, 103, 5),
(1217, 103, 64),
(1218, 103, 7),
(1219, 104, 47),
(1220, 104, 48),
(1221, 104, 49),
(1222, 104, 50),
(1223, 104, 51),
(1224, 104, 52),
(1225, 104, 53),
(1226, 104, 54),
(1227, 104, 65),
(1228, 104, 7),
(1229, 105, 66),
(1230, 105, 67),
(1231, 105, 68),
(1232, 105, 69),
(1233, 105, 70),
(1234, 105, 71),
(1235, 105, 7),
(1236, 106, 47),
(1237, 106, 48),
(1238, 106, 49),
(1239, 106, 50),
(1240, 106, 51),
(1241, 106, 52),
(1242, 106, 53),
(1243, 106, 54),
(1244, 106, 55),
(1245, 106, 72),
(1246, 106, 57),
(1247, 106, 7),
(1248, 107, 73),
(1249, 107, 26),
(1250, 107, 27),
(1251, 107, 28),
(1252, 107, 29),
(1253, 107, 30),
(1254, 107, 74),
(1255, 107, 32),
(1256, 107, 7),
(1257, 107, 75),
(1258, 107, 76),
(1259, 107, 77),
(1260, 107, 78),
(1261, 107, 79),
(1262, 107, 80),
(1263, 107, 81),
(1264, 107, 82),
(1265, 108, 47),
(1266, 108, 48),
(1267, 108, 49),
(1268, 108, 50),
(1269, 108, 51),
(1270, 108, 52),
(1271, 108, 53),
(1272, 108, 54),
(1273, 108, 83),
(1274, 108, 56),
(1275, 108, 84),
(1276, 108, 7),
(1277, 109, 73),
(1278, 109, 26),
(1279, 109, 27),
(1280, 109, 28),
(1281, 109, 29),
(1282, 109, 30),
(1283, 109, 85),
(1284, 109, 32),
(1285, 109, 7),
(1286, 109, 86),
(1287, 109, 87),
(1288, 109, 88),
(1289, 109, 89),
(1290, 109, 90),
(1291, 109, 91),
(1292, 109, 92),
(1293, 109, 93),
(1294, 110, 94),
(1295, 110, 25),
(1296, 110, 26),
(1297, 110, 27),
(1298, 110, 28),
(1299, 110, 29),
(1300, 110, 30),
(1301, 110, 95),
(1302, 110, 96),
(1303, 110, 7),
(1304, 110, 97),
(1305, 110, 98),
(1306, 110, 99),
(1307, 110, 100),
(1308, 110, 101),
(1309, 110, 102),
(1310, 110, 103),
(1311, 110, 104),
(1312, 111, 47),
(1313, 111, 48),
(1314, 111, 49),
(1315, 111, 50),
(1316, 111, 51),
(1317, 111, 52),
(1318, 111, 53),
(1319, 111, 83),
(1320, 111, 105),
(1321, 111, 106),
(1322, 111, 107),
(1323, 111, 7),
(1324, 112, 108),
(1325, 112, 109),
(1326, 112, 110),
(1327, 112, 111),
(1328, 112, 112),
(1329, 112, 113),
(1330, 112, 7),
(1331, 113, 1),
(1332, 113, 2),
(1333, 113, 3),
(1334, 113, 4),
(1335, 113, 5),
(1336, 113, 6),
(1337, 113, 7),
(1338, 114, 8),
(1339, 114, 9),
(1340, 114, 10),
(1341, 114, 11),
(1342, 114, 12),
(1343, 114, 13),
(1344, 114, 14),
(1345, 114, 15),
(1346, 114, 16),
(1347, 114, 17),
(1348, 114, 18),
(1349, 114, 10),
(1350, 114, 19),
(1351, 114, 20),
(1352, 114, 21),
(1353, 114, 14),
(1354, 114, 22),
(1355, 114, 23),
(1356, 114, 9),
(1357, 114, 7),
(1358, 115, 24),
(1359, 115, 25),
(1360, 115, 26),
(1361, 115, 27),
(1362, 115, 28),
(1363, 115, 29),
(1364, 115, 30),
(1365, 115, 31),
(1366, 115, 32),
(1367, 115, 7),
(1368, 115, 33),
(1369, 115, 34),
(1370, 115, 35),
(1371, 115, 36),
(1372, 115, 37),
(1373, 115, 38),
(1374, 115, 39),
(1375, 115, 40),
(1376, 116, 41),
(1377, 116, 42),
(1378, 116, 43),
(1379, 116, 44),
(1380, 116, 45),
(1381, 116, 46),
(1382, 116, 7),
(1383, 117, 47),
(1384, 117, 48),
(1385, 117, 49),
(1386, 117, 50),
(1387, 117, 51),
(1388, 117, 52),
(1389, 117, 53),
(1390, 117, 54),
(1391, 117, 55),
(1392, 117, 56),
(1393, 117, 57),
(1394, 117, 7),
(1395, 118, 58),
(1396, 118, 59),
(1397, 118, 60),
(1398, 118, 61),
(1399, 118, 62),
(1400, 118, 63),
(1401, 118, 7),
(1402, 119, 58),
(1403, 119, 59),
(1404, 119, 60),
(1405, 119, 4),
(1406, 119, 5),
(1407, 119, 64),
(1408, 119, 7),
(1409, 120, 47),
(1410, 120, 48),
(1411, 120, 49),
(1412, 120, 50),
(1413, 120, 51),
(1414, 120, 52),
(1415, 120, 53),
(1416, 120, 54),
(1417, 120, 65),
(1418, 120, 7),
(1419, 121, 66),
(1420, 121, 67),
(1421, 121, 68),
(1422, 121, 69),
(1423, 121, 70),
(1424, 121, 71),
(1425, 121, 7),
(1426, 122, 47),
(1427, 122, 48),
(1428, 122, 49),
(1429, 122, 50),
(1430, 122, 51),
(1431, 122, 52),
(1432, 122, 53),
(1433, 122, 54),
(1434, 122, 55),
(1435, 122, 72),
(1436, 122, 57),
(1437, 122, 7),
(1438, 123, 73),
(1439, 123, 26),
(1440, 123, 27),
(1441, 123, 28),
(1442, 123, 29),
(1443, 123, 30),
(1444, 123, 74),
(1445, 123, 32),
(1446, 123, 7),
(1447, 123, 75),
(1448, 123, 76),
(1449, 123, 77),
(1450, 123, 78),
(1451, 123, 79),
(1452, 123, 80),
(1453, 123, 81),
(1454, 123, 82),
(1455, 124, 47),
(1456, 124, 48),
(1457, 124, 49),
(1458, 124, 50),
(1459, 124, 51),
(1460, 124, 52),
(1461, 124, 53),
(1462, 124, 54),
(1463, 124, 83),
(1464, 124, 56),
(1465, 124, 84),
(1466, 124, 7),
(1467, 125, 73),
(1468, 125, 26),
(1469, 125, 27),
(1470, 125, 28),
(1471, 125, 29),
(1472, 125, 30),
(1473, 125, 85),
(1474, 125, 32),
(1475, 125, 7),
(1476, 125, 86),
(1477, 125, 87),
(1478, 125, 88),
(1479, 125, 89),
(1480, 125, 90),
(1481, 125, 91),
(1482, 125, 92),
(1483, 125, 93),
(1484, 126, 94),
(1485, 126, 25),
(1486, 126, 26),
(1487, 126, 27),
(1488, 126, 28),
(1489, 126, 29),
(1490, 126, 30),
(1491, 126, 95),
(1492, 126, 96),
(1493, 126, 7),
(1494, 126, 97),
(1495, 126, 98),
(1496, 126, 99),
(1497, 126, 100),
(1498, 126, 101),
(1499, 126, 102),
(1500, 126, 103),
(1501, 126, 104),
(1502, 127, 47),
(1503, 127, 48),
(1504, 127, 49),
(1505, 127, 50),
(1506, 127, 51),
(1507, 127, 52),
(1508, 127, 53),
(1509, 127, 83),
(1510, 127, 105),
(1511, 127, 106),
(1512, 127, 107),
(1513, 127, 7),
(1514, 128, 108),
(1515, 128, 109),
(1516, 128, 110),
(1517, 128, 111),
(1518, 128, 112),
(1519, 128, 113),
(1520, 128, 7),
(1521, 129, 1),
(1522, 129, 2),
(1523, 129, 3),
(1524, 129, 4),
(1525, 129, 5),
(1526, 129, 6),
(1527, 129, 7),
(1528, 130, 8),
(1529, 130, 9),
(1530, 130, 10),
(1531, 130, 11),
(1532, 130, 12),
(1533, 130, 13),
(1534, 130, 14),
(1535, 130, 15),
(1536, 130, 16),
(1537, 130, 17),
(1538, 130, 18),
(1539, 130, 10),
(1540, 130, 19),
(1541, 130, 20),
(1542, 130, 21),
(1543, 130, 14),
(1544, 130, 22),
(1545, 130, 23),
(1546, 130, 9),
(1547, 130, 7),
(1548, 131, 24),
(1549, 131, 25),
(1550, 131, 26),
(1551, 131, 27),
(1552, 131, 28),
(1553, 131, 29),
(1554, 131, 30),
(1555, 131, 31),
(1556, 131, 32),
(1557, 131, 7),
(1558, 131, 33),
(1559, 131, 34),
(1560, 131, 35),
(1561, 131, 36),
(1562, 131, 37),
(1563, 131, 38),
(1564, 131, 39),
(1565, 131, 40),
(1566, 132, 41),
(1567, 132, 42),
(1568, 132, 43),
(1569, 132, 44),
(1570, 132, 45),
(1571, 132, 46),
(1572, 132, 7),
(1573, 133, 47),
(1574, 133, 48),
(1575, 133, 49),
(1576, 133, 50),
(1577, 133, 51),
(1578, 133, 52),
(1579, 133, 53),
(1580, 133, 54),
(1581, 133, 55),
(1582, 133, 56),
(1583, 133, 57),
(1584, 133, 7),
(1585, 134, 58),
(1586, 134, 59),
(1587, 134, 60),
(1588, 134, 61),
(1589, 134, 62),
(1590, 134, 63),
(1591, 134, 7),
(1592, 135, 58),
(1593, 135, 59),
(1594, 135, 60),
(1595, 135, 4),
(1596, 135, 5),
(1597, 135, 64),
(1598, 135, 7),
(1599, 136, 47),
(1600, 136, 48),
(1601, 136, 49),
(1602, 136, 50),
(1603, 136, 51),
(1604, 136, 52),
(1605, 136, 53),
(1606, 136, 54),
(1607, 136, 65),
(1608, 136, 7),
(1609, 137, 66),
(1610, 137, 67),
(1611, 137, 68),
(1612, 137, 69),
(1613, 137, 70),
(1614, 137, 71),
(1615, 137, 7),
(1616, 138, 47),
(1617, 138, 48),
(1618, 138, 49),
(1619, 138, 50),
(1620, 138, 51),
(1621, 138, 52),
(1622, 138, 53),
(1623, 138, 54),
(1624, 138, 55),
(1625, 138, 72),
(1626, 138, 57),
(1627, 138, 7),
(1628, 139, 73),
(1629, 139, 26),
(1630, 139, 27),
(1631, 139, 28),
(1632, 139, 29),
(1633, 139, 30),
(1634, 139, 74),
(1635, 139, 32),
(1636, 139, 7),
(1637, 139, 75),
(1638, 139, 76),
(1639, 139, 77),
(1640, 139, 78),
(1641, 139, 79),
(1642, 139, 80),
(1643, 139, 81),
(1644, 139, 82),
(1645, 140, 47),
(1646, 140, 48),
(1647, 140, 49),
(1648, 140, 50),
(1649, 140, 51),
(1650, 140, 52),
(1651, 140, 53),
(1652, 140, 54),
(1653, 140, 83),
(1654, 140, 56),
(1655, 140, 84),
(1656, 140, 7),
(1657, 141, 73),
(1658, 141, 26),
(1659, 141, 27),
(1660, 141, 28),
(1661, 141, 29),
(1662, 141, 30),
(1663, 141, 85),
(1664, 141, 32),
(1665, 141, 7),
(1666, 141, 86),
(1667, 141, 87),
(1668, 141, 88),
(1669, 141, 89),
(1670, 141, 90),
(1671, 141, 91),
(1672, 141, 92),
(1673, 141, 93),
(1674, 142, 94),
(1675, 142, 25),
(1676, 142, 26),
(1677, 142, 27),
(1678, 142, 28),
(1679, 142, 29),
(1680, 142, 30),
(1681, 142, 95),
(1682, 142, 96),
(1683, 142, 7),
(1684, 142, 97),
(1685, 142, 98),
(1686, 142, 99),
(1687, 142, 100),
(1688, 142, 101),
(1689, 142, 102),
(1690, 142, 103),
(1691, 142, 104),
(1692, 143, 47),
(1693, 143, 48),
(1694, 143, 49),
(1695, 143, 50),
(1696, 143, 51),
(1697, 143, 52),
(1698, 143, 53),
(1699, 143, 83),
(1700, 143, 105),
(1701, 143, 106),
(1702, 143, 107),
(1703, 143, 7),
(1704, 144, 108),
(1705, 144, 109),
(1706, 144, 110),
(1707, 144, 111),
(1708, 144, 112),
(1709, 144, 113),
(1710, 144, 7),
(1711, 145, 1),
(1712, 145, 2),
(1713, 145, 3),
(1714, 145, 4),
(1715, 145, 5),
(1716, 145, 6),
(1717, 145, 7),
(1718, 146, 8),
(1719, 146, 9),
(1720, 146, 10),
(1721, 146, 11),
(1722, 146, 12),
(1723, 146, 13),
(1724, 146, 14),
(1725, 146, 15),
(1726, 146, 16),
(1727, 146, 17),
(1728, 146, 18),
(1729, 146, 10),
(1730, 146, 19),
(1731, 146, 20),
(1732, 146, 21),
(1733, 146, 14),
(1734, 146, 22),
(1735, 146, 23),
(1736, 146, 9),
(1737, 146, 7),
(1738, 147, 24),
(1739, 147, 25),
(1740, 147, 26),
(1741, 147, 27),
(1742, 147, 28),
(1743, 147, 29),
(1744, 147, 30),
(1745, 147, 31),
(1746, 147, 32),
(1747, 147, 7),
(1748, 147, 33),
(1749, 147, 34),
(1750, 147, 35),
(1751, 147, 36),
(1752, 147, 37),
(1753, 147, 38),
(1754, 147, 39),
(1755, 147, 40),
(1756, 148, 41),
(1757, 148, 42),
(1758, 148, 43),
(1759, 148, 44),
(1760, 148, 45),
(1761, 148, 46),
(1762, 148, 7),
(1763, 149, 47),
(1764, 149, 48),
(1765, 149, 49),
(1766, 149, 50),
(1767, 149, 51),
(1768, 149, 52),
(1769, 149, 53),
(1770, 149, 54),
(1771, 149, 55),
(1772, 149, 56),
(1773, 149, 57),
(1774, 149, 7),
(1775, 150, 58),
(1776, 150, 59),
(1777, 150, 60),
(1778, 150, 61),
(1779, 150, 62),
(1780, 150, 63),
(1781, 150, 7),
(1782, 151, 58),
(1783, 151, 59),
(1784, 151, 60),
(1785, 151, 4),
(1786, 151, 5),
(1787, 151, 64),
(1788, 151, 7),
(1789, 152, 47),
(1790, 152, 48),
(1791, 152, 49),
(1792, 152, 50),
(1793, 152, 51),
(1794, 152, 52),
(1795, 152, 53),
(1796, 152, 54),
(1797, 152, 65),
(1798, 152, 7),
(1799, 153, 66),
(1800, 153, 67),
(1801, 153, 68),
(1802, 153, 69),
(1803, 153, 70),
(1804, 153, 71),
(1805, 153, 7),
(1806, 154, 47),
(1807, 154, 48),
(1808, 154, 49),
(1809, 154, 50),
(1810, 154, 51),
(1811, 154, 52),
(1812, 154, 53),
(1813, 154, 54),
(1814, 154, 55),
(1815, 154, 72),
(1816, 154, 57),
(1817, 154, 7),
(1818, 155, 73),
(1819, 155, 26),
(1820, 155, 27),
(1821, 155, 28),
(1822, 155, 29),
(1823, 155, 30),
(1824, 155, 74),
(1825, 155, 32),
(1826, 155, 7),
(1827, 155, 75),
(1828, 155, 76),
(1829, 155, 77),
(1830, 155, 78),
(1831, 155, 79),
(1832, 155, 80),
(1833, 155, 81),
(1834, 155, 82),
(1835, 156, 47),
(1836, 156, 48),
(1837, 156, 49),
(1838, 156, 50),
(1839, 156, 51),
(1840, 156, 52),
(1841, 156, 53),
(1842, 156, 54),
(1843, 156, 83),
(1844, 156, 56),
(1845, 156, 84),
(1846, 156, 7),
(1847, 157, 73),
(1848, 157, 26),
(1849, 157, 27),
(1850, 157, 28),
(1851, 157, 29),
(1852, 157, 30),
(1853, 157, 85),
(1854, 157, 32),
(1855, 157, 7),
(1856, 157, 86),
(1857, 157, 87),
(1858, 157, 88),
(1859, 157, 89),
(1860, 157, 90),
(1861, 157, 91),
(1862, 157, 92),
(1863, 157, 93),
(1864, 158, 94),
(1865, 158, 25),
(1866, 158, 26),
(1867, 158, 27),
(1868, 158, 28),
(1869, 158, 29),
(1870, 158, 30),
(1871, 158, 95),
(1872, 158, 96),
(1873, 158, 7),
(1874, 158, 97),
(1875, 158, 98),
(1876, 158, 99),
(1877, 158, 100),
(1878, 158, 101),
(1879, 158, 102),
(1880, 158, 103),
(1881, 158, 104),
(1882, 159, 47),
(1883, 159, 48),
(1884, 159, 49),
(1885, 159, 50),
(1886, 159, 51),
(1887, 159, 52),
(1888, 159, 53),
(1889, 159, 83),
(1890, 159, 105),
(1891, 159, 106),
(1892, 159, 107),
(1893, 159, 7),
(1894, 160, 108),
(1895, 160, 109),
(1896, 160, 110),
(1897, 160, 111),
(1898, 160, 112),
(1899, 160, 113),
(1900, 160, 7),
(1901, 161, 1),
(1902, 161, 2),
(1903, 161, 3),
(1904, 161, 4),
(1905, 161, 5),
(1906, 161, 6),
(1907, 161, 7),
(1908, 162, 8),
(1909, 162, 9),
(1910, 162, 10),
(1911, 162, 11),
(1912, 162, 12),
(1913, 162, 13),
(1914, 162, 14),
(1915, 162, 15),
(1916, 162, 16),
(1917, 162, 17),
(1918, 162, 18),
(1919, 162, 10),
(1920, 162, 19),
(1921, 162, 20),
(1922, 162, 21),
(1923, 162, 14),
(1924, 162, 22),
(1925, 162, 23),
(1926, 162, 9),
(1927, 162, 7),
(1928, 163, 24),
(1929, 163, 25),
(1930, 163, 26),
(1931, 163, 27),
(1932, 163, 28),
(1933, 163, 29),
(1934, 163, 30),
(1935, 163, 31),
(1936, 163, 32),
(1937, 163, 7),
(1938, 163, 33),
(1939, 163, 34),
(1940, 163, 35),
(1941, 163, 36),
(1942, 163, 37),
(1943, 163, 38),
(1944, 163, 39),
(1945, 163, 40),
(1946, 164, 41),
(1947, 164, 42),
(1948, 164, 43),
(1949, 164, 44),
(1950, 164, 45),
(1951, 164, 46),
(1952, 164, 7),
(1953, 165, 47),
(1954, 165, 48),
(1955, 165, 49),
(1956, 165, 50),
(1957, 165, 51),
(1958, 165, 52),
(1959, 165, 53),
(1960, 165, 54),
(1961, 165, 55),
(1962, 165, 56),
(1963, 165, 57),
(1964, 165, 7),
(1965, 166, 58),
(1966, 166, 59),
(1967, 166, 60),
(1968, 166, 61),
(1969, 166, 62),
(1970, 166, 63),
(1971, 166, 7),
(1972, 167, 58),
(1973, 167, 59),
(1974, 167, 60),
(1975, 167, 4),
(1976, 167, 5),
(1977, 167, 64),
(1978, 167, 7),
(1979, 168, 47),
(1980, 168, 48),
(1981, 168, 49),
(1982, 168, 50),
(1983, 168, 51),
(1984, 168, 52),
(1985, 168, 53),
(1986, 168, 54),
(1987, 168, 65),
(1988, 168, 7),
(1989, 169, 66),
(1990, 169, 67),
(1991, 169, 68),
(1992, 169, 69),
(1993, 169, 70),
(1994, 169, 71),
(1995, 169, 7),
(1996, 170, 47),
(1997, 170, 48),
(1998, 170, 49),
(1999, 170, 50),
(2000, 170, 51),
(2001, 170, 52),
(2002, 170, 53),
(2003, 170, 54),
(2004, 170, 55),
(2005, 170, 72),
(2006, 170, 57),
(2007, 170, 7),
(2008, 171, 73),
(2009, 171, 26),
(2010, 171, 27),
(2011, 171, 28),
(2012, 171, 29),
(2013, 171, 30),
(2014, 171, 74),
(2015, 171, 32),
(2016, 171, 7),
(2017, 171, 75),
(2018, 171, 76),
(2019, 171, 77),
(2020, 171, 78),
(2021, 171, 79),
(2022, 171, 80),
(2023, 171, 81),
(2024, 171, 82),
(2025, 172, 47),
(2026, 172, 48),
(2027, 172, 49),
(2028, 172, 50),
(2029, 172, 51),
(2030, 172, 52),
(2031, 172, 53),
(2032, 172, 54),
(2033, 172, 83),
(2034, 172, 56),
(2035, 172, 84),
(2036, 172, 7),
(2037, 173, 73),
(2038, 173, 26),
(2039, 173, 27),
(2040, 173, 28),
(2041, 173, 29),
(2042, 173, 30),
(2043, 173, 85),
(2044, 173, 32),
(2045, 173, 7),
(2046, 173, 86),
(2047, 173, 87),
(2048, 173, 88),
(2049, 173, 89),
(2050, 173, 90),
(2051, 173, 91),
(2052, 173, 92),
(2053, 173, 93),
(2054, 174, 94),
(2055, 174, 25),
(2056, 174, 26),
(2057, 174, 27),
(2058, 174, 28),
(2059, 174, 29),
(2060, 174, 30),
(2061, 174, 95),
(2062, 174, 96),
(2063, 174, 7),
(2064, 174, 97),
(2065, 174, 98),
(2066, 174, 99),
(2067, 174, 100),
(2068, 174, 101),
(2069, 174, 102),
(2070, 174, 103),
(2071, 174, 104),
(2072, 175, 47),
(2073, 175, 48),
(2074, 175, 49),
(2075, 175, 50),
(2076, 175, 51),
(2077, 175, 52),
(2078, 175, 53),
(2079, 175, 83),
(2080, 175, 105),
(2081, 175, 106),
(2082, 175, 107),
(2083, 175, 7),
(2084, 176, 108),
(2085, 176, 109),
(2086, 176, 110),
(2087, 176, 111),
(2088, 176, 112),
(2089, 176, 113),
(2090, 176, 7),
(2091, 177, 1),
(2092, 177, 2),
(2093, 177, 3),
(2094, 177, 4),
(2095, 177, 5),
(2096, 177, 6),
(2097, 177, 7),
(2098, 178, 8),
(2099, 178, 9),
(2100, 178, 10),
(2101, 178, 11),
(2102, 178, 12),
(2103, 178, 13),
(2104, 178, 14),
(2105, 178, 15),
(2106, 178, 16),
(2107, 178, 17),
(2108, 178, 18),
(2109, 178, 10),
(2110, 178, 19),
(2111, 178, 20),
(2112, 178, 21),
(2113, 178, 14),
(2114, 178, 22),
(2115, 178, 23),
(2116, 178, 9),
(2117, 178, 7),
(2118, 179, 24),
(2119, 179, 25),
(2120, 179, 26),
(2121, 179, 27),
(2122, 179, 28),
(2123, 179, 29),
(2124, 179, 30),
(2125, 179, 31),
(2126, 179, 32),
(2127, 179, 7),
(2128, 179, 33),
(2129, 179, 34),
(2130, 179, 35),
(2131, 179, 36),
(2132, 179, 37),
(2133, 179, 38),
(2134, 179, 39),
(2135, 179, 40),
(2136, 180, 41),
(2137, 180, 42),
(2138, 180, 43),
(2139, 180, 44),
(2140, 180, 45),
(2141, 180, 46),
(2142, 180, 7),
(2143, 181, 47),
(2144, 181, 48),
(2145, 181, 49),
(2146, 181, 50),
(2147, 181, 51),
(2148, 181, 52),
(2149, 181, 53),
(2150, 181, 54),
(2151, 181, 55),
(2152, 181, 56),
(2153, 181, 57),
(2154, 181, 7),
(2155, 182, 58),
(2156, 182, 59),
(2157, 182, 60),
(2158, 182, 61),
(2159, 182, 62),
(2160, 182, 63),
(2161, 182, 7),
(2162, 183, 58),
(2163, 183, 59),
(2164, 183, 60),
(2165, 183, 4),
(2166, 183, 5),
(2167, 183, 64),
(2168, 183, 7),
(2169, 184, 47),
(2170, 184, 48),
(2171, 184, 49),
(2172, 184, 50),
(2173, 184, 51),
(2174, 184, 52),
(2175, 184, 53),
(2176, 184, 54),
(2177, 184, 65),
(2178, 184, 7),
(2179, 185, 66),
(2180, 185, 67),
(2181, 185, 68),
(2182, 185, 69),
(2183, 185, 70),
(2184, 185, 71),
(2185, 185, 7),
(2186, 186, 47),
(2187, 186, 48),
(2188, 186, 49),
(2189, 186, 50),
(2190, 186, 51),
(2191, 186, 52),
(2192, 186, 53),
(2193, 186, 54),
(2194, 186, 55),
(2195, 186, 72),
(2196, 186, 57),
(2197, 186, 7),
(2198, 187, 73),
(2199, 187, 26),
(2200, 187, 27),
(2201, 187, 28),
(2202, 187, 29),
(2203, 187, 30),
(2204, 187, 74),
(2205, 187, 32),
(2206, 187, 7),
(2207, 187, 75),
(2208, 187, 76),
(2209, 187, 77),
(2210, 187, 78),
(2211, 187, 79),
(2212, 187, 80),
(2213, 187, 81),
(2214, 187, 82),
(2215, 188, 47),
(2216, 188, 48),
(2217, 188, 49),
(2218, 188, 50),
(2219, 188, 51),
(2220, 188, 52),
(2221, 188, 53),
(2222, 188, 54),
(2223, 188, 83),
(2224, 188, 56),
(2225, 188, 84),
(2226, 188, 7),
(2227, 189, 73),
(2228, 189, 26),
(2229, 189, 27),
(2230, 189, 28),
(2231, 189, 29),
(2232, 189, 30),
(2233, 189, 85),
(2234, 189, 32),
(2235, 189, 7),
(2236, 189, 86),
(2237, 189, 87),
(2238, 189, 88),
(2239, 189, 89),
(2240, 189, 90),
(2241, 189, 91),
(2242, 189, 92),
(2243, 189, 93),
(2244, 190, 94),
(2245, 190, 25),
(2246, 190, 26),
(2247, 190, 27),
(2248, 190, 28),
(2249, 190, 29),
(2250, 190, 30),
(2251, 190, 95),
(2252, 190, 96),
(2253, 190, 7),
(2254, 190, 97),
(2255, 190, 98),
(2256, 190, 99),
(2257, 190, 100),
(2258, 190, 101),
(2259, 190, 102),
(2260, 190, 103),
(2261, 190, 104),
(2262, 191, 47),
(2263, 191, 48),
(2264, 191, 49),
(2265, 191, 50),
(2266, 191, 51),
(2267, 191, 52),
(2268, 191, 53),
(2269, 191, 83),
(2270, 191, 105),
(2271, 191, 106),
(2272, 191, 107),
(2273, 191, 7),
(2274, 192, 108),
(2275, 192, 109),
(2276, 192, 110),
(2277, 192, 111),
(2278, 192, 112),
(2279, 192, 113),
(2280, 192, 7);

-- --------------------------------------------------------

--
-- Table structure for table `teacher`
--

CREATE TABLE `teacher` (
  `teacherID` int(3) NOT NULL,
  `title` varchar(7) NOT NULL COMMENT 'eg Ms. Mrs. Mr Dr.',
  `lastname` varchar(20) NOT NULL,
  `email` varchar(50) NOT NULL,
  `temp_password` varchar(8) NOT NULL,
  `password` varchar(100) NOT NULL,
  `permission` int(1) NOT NULL COMMENT 'For level of acccess over basic. 1=admin, 2=dean, 3=teacher'
) ENGINE=InnoDB DEFAULT CHARSET=utf8mb4;

--
-- Dumping data for table `teacher`
--

INSERT INTO `teacher` (`teacherID`, `title`, `lastname`, `email`, `temp_password`, `password`, `permission`) VALUES
(1, 'Mr.', 'Ipsum', 'Ipsum@school.real.nz', '', '$2y$10$y63DzcLh1h9UNzinTQpFjeLFNXc1SZX2WBWKYMfdUB3oWybJDlXRW', 1),
(2, 'Sir.', 'Dean', 'Dean@school.real.nz', '', 'Dean', 2),
(3, 'Dr.', 'Teacher', 'Teacher@school.real.nz', '', '$2y$10$y63DzcLh1h9UNzinTQpFjeLFNXc1SZX2WBWKYMfdUB3oWybJDlXRW', 3),
(4, 'Mr.', 'McGregor', 'Mcgregore@school.real.nz', '', 'McGregor', 3),
(5, 'Ms.', 'Eves', 'Eves@school.real.nz', '', 'Eves', 3);

-- --------------------------------------------------------

--
-- Table structure for table `tutor`
--

CREATE TABLE `tutor` (
  `tutorID` int(3) NOT NULL,
  `tutorname` varchar(25) NOT NULL,
  `pointcount` int(4) NOT NULL
) ENGINE=InnoDB DEFAULT CHARSET=utf8mb4;

--
-- Dumping data for table `tutor`
--

INSERT INTO `tutor` (`tutorID`, `tutorname`, `pointcount`) VALUES
(1, 'ADSP', 15),
(2, 'CRWL', 36),
(3, 'CKGH', 0),
(4, 'BKMA', 0),
(5, 'MSDOOV', 24),
(6, 'DNML', 9),
(7, 'TLSI', 36),
(8, 'HTMC', 0),
(9, 'LUWZ', 0),
(10, 'SCLY', 0),
(11, 'JBSN', 0);

-- --------------------------------------------------------

--
-- Table structure for table `yeargroup`
--

CREATE TABLE `yeargroup` (
  `yeargroupID` int(3) NOT NULL,
  `yeargroupname` int(2) NOT NULL,
  `pointcount` int(4) NOT NULL
) ENGINE=InnoDB DEFAULT CHARSET=utf8mb4;

--
-- Dumping data for table `yeargroup`
--

INSERT INTO `yeargroup` (`yeargroupID`, `yeargroupname`, `pointcount`) VALUES
(1, 9, 24),
(2, 10, 84),
(3, 11, 47),
(4, 12, 13),
(5, 13, 8);

--
-- Indexes for dumped tables
--

--
-- Indexes for table `class`
--
ALTER TABLE `class`
  ADD PRIMARY KEY (`classID`);

--
-- Indexes for table `house`
--
ALTER TABLE `house`
  ADD PRIMARY KEY (`houseID`);

--
-- Indexes for table `pointtable`
--
ALTER TABLE `pointtable`
  ADD PRIMARY KEY (`pointID`);

--
-- Indexes for table `reason`
--
ALTER TABLE `reason`
  ADD PRIMARY KEY (`reasonID`);

--
-- Indexes for table `student`
--
ALTER TABLE `student`
  ADD PRIMARY KEY (`studentID`);

--
-- Indexes for table `studentclass`
--
ALTER TABLE `studentclass`
  ADD PRIMARY KEY (`ID`);

--
-- Indexes for table `teacher`
--
ALTER TABLE `teacher`
  ADD PRIMARY KEY (`teacherID`);

--
-- Indexes for table `tutor`
--
ALTER TABLE `tutor`
  ADD PRIMARY KEY (`tutorID`);

--
-- Indexes for table `yeargroup`
--
ALTER TABLE `yeargroup`
  ADD PRIMARY KEY (`yeargroupID`);

--
-- AUTO_INCREMENT for dumped tables
--

--
-- AUTO_INCREMENT for table `class`
--
ALTER TABLE `class`
  MODIFY `classID` int(3) NOT NULL AUTO_INCREMENT, AUTO_INCREMENT=114;

--
-- AUTO_INCREMENT for table `house`
--
ALTER TABLE `house`
  MODIFY `houseID` int(2) NOT NULL AUTO_INCREMENT, AUTO_INCREMENT=5;

--
-- AUTO_INCREMENT for table `pointtable`
--
ALTER TABLE `pointtable`
  MODIFY `pointID` int(6) NOT NULL AUTO_INCREMENT, AUTO_INCREMENT=60;

--
-- AUTO_INCREMENT for table `reason`
--
ALTER TABLE `reason`
  MODIFY `reasonID` int(6) NOT NULL AUTO_INCREMENT COMMENT 'Only large value due to if teachers dont save', AUTO_INCREMENT=4;

--
-- AUTO_INCREMENT for table `student`
--
ALTER TABLE `student`
  MODIFY `studentID` int(5) NOT NULL AUTO_INCREMENT, AUTO_INCREMENT=193;

--
-- AUTO_INCREMENT for table `studentclass`
--
ALTER TABLE `studentclass`
  MODIFY `ID` int(11) NOT NULL AUTO_INCREMENT, AUTO_INCREMENT=2281;

--
-- AUTO_INCREMENT for table `teacher`
--
ALTER TABLE `teacher`
  MODIFY `teacherID` int(3) NOT NULL AUTO_INCREMENT, AUTO_INCREMENT=6;

--
-- AUTO_INCREMENT for table `tutor`
--
ALTER TABLE `tutor`
  MODIFY `tutorID` int(3) NOT NULL AUTO_INCREMENT, AUTO_INCREMENT=12;

--
-- AUTO_INCREMENT for table `yeargroup`
--
ALTER TABLE `yeargroup`
  MODIFY `yeargroupID` int(3) NOT NULL AUTO_INCREMENT, AUTO_INCREMENT=6;
COMMIT;

/*!40101 SET CHARACTER_SET_CLIENT=@OLD_CHARACTER_SET_CLIENT */;
/*!40101 SET CHARACTER_SET_RESULTS=@OLD_CHARACTER_SET_RESULTS */;
/*!40101 SET COLLATION_CONNECTION=@OLD_COLLATION_CONNECTION */;
